Start,Finish,Label
1.1,1.41,b
2.08,2.44,b
3.08,3.38,b
3.77,4.15,b
4.54,4.85,b
5.24,5.55,b
5.99,6.33,b
6.71,7.08,x
7.47,7.97,x
8.17,8.64,x
8.91,9.24,c
9.73,10.06,b
10.49,10.79,b
11.1,11.59,x
12.03,12.31,b
12.68,12.97,c
13.43,13.74,c
14.11,14.41,c
14.74,15.09,c
15.43,15.73,c
16.09,16.3,b
16.51,16.81,b
17.14,17.48,b
17.65,18.0,c
18.3,18.61,c
18.93,19.22,c
19.59,19.89,c
20.21,20.52,c
21.27,21.59,b
22.14,22.44,b
22.9,23.3,b
23.71,24.1,x
24.47,24.96,x
25.41,25.79,b
26.07,26.5,c
26.99,27.5,b
27.73,27.99,b
28.33,28.74,x
29.18,29.53,x
29.9,30.33,x
30.82,31.23,x
31.62,32.07,x
32.41,32.82,c
33.21,33.64,x
34.06,34.56,x
34.92,35.27,c
35.69,36.05,c
36.38,36.67,c
37.12,37.55,x
38.0,38.41,x
38.79,39.08,b
39.52,39.94,x
40.26,40.62,c
40.99,41.47,x
41.87,42.33,x
42.63,42.96,c
43.33,43.71,x
44.08,44.5,x
44.85,45.31,x
45.95,46.32,b
46.96,47.41,x
47.85,48.22,x
48.61,48.99,x
49.37,49.79,x
50.13,50.58,x
50.9,51.2,b
51.61,52.01,x
52.43,52.85,x
53.3,53.62,b
53.95,54.3,c
54.73,55.11,x
55.54,55.87,c
56.37,56.69,c
57.06,57.39,c
57.81,58.12,c
58.56,58.9,c
59.24,59.62,c
59.89,60.24,c
60.66,60.96,c
61.36,61.67,c
62.13,62.46,c
62.81,63.15,c
63.8,64.1,c
65.26,65.57,b
65.84,66.12,b
66.77,67.07,b
67.84,68.15,b
68.43,68.87,x
69.29,69.62,b
69.77,70.02,b
70.36,70.7,c
71.1,71.51,x
71.95,72.35,b
72.71,73.01,c
73.39,73.86,x
74.17,74.55,x
74.91,75.28,x
75.7,76.11,x
76.88,77.18,b
77.49,77.83,x
78.18,78.58,x
78.95,79.34,x
79.88,80.24,x
80.6,80.91,c
81.33,81.75,x
82.14,82.51,x
82.88,83.23,x
83.53,83.99,x
84.3,84.61,x
84.91,85.37,x
85.66,86.03,x
86.39,86.78,x
87.13,87.66,x
87.99,88.41,x
88.82,89.21,x
89.89,90.29,x
90.69,91.02,x
91.42,91.81,x
92.23,92.59,c
92.82,93.19,c
93.51,93.86,c
94.25,94.48,c
94.81,95.01,c
95.48,95.86,x
96.21,96.48,c
96.9,97.13,c
97.6,97.95,x
98.34,98.75,x
99.38,99.6,b
100.11,100.39,b
100.75,101.08,x
101.45,101.81,x
102.27,102.63,x
103.09,103.41,x
103.87,104.23,b
104.6,104.98,x
105.36,105.64,c
106.08,106.34,c
106.67,106.88,b
107.28,107.6,x
107.99,108.46,x
108.76,109.17,x
109.58,109.84,b
110.25,110.63,x
110.99,111.35,x
111.98,112.39,x
112.85,113.18,x
113.6,113.94,x
114.44,114.87,x
115.68,116.08,x
116.55,116.82,c
117.17,117.48,c
117.84,118.13,c
118.52,118.83,c
119.25,119.56,c
120.08,120.38,c
120.82,121.07,x
121.57,121.88,x
122.18,122.44,c
122.85,123.1,c
123.51,123.94,x
124.34,124.81,x
125.37,125.6,b
126.27,126.67,x
126.97,127.27,c
128.09,128.48,x
128.87,129.26,x
129.74,129.99,b
130.44,130.68,b
131.04,131.29,c
131.66,131.94,c
132.3,132.57,c
133.03,133.27,c
134.1,134.4,b
135.0,135.35,b
135.69,136.09,x
136.55,136.89,x
137.27,137.69,x
138.26,138.59,x
138.97,139.28,x
139.67,140.08,x
140.42,140.78,x
141.12,141.49,x
142.17,142.62,x
143.09,143.46,x
143.85,144.23,x
144.5,144.92,x
145.6,145.86,b
146.31,146.73,x
147.09,147.5,x
147.87,148.2,x
148.55,148.98,x
149.38,149.84,x
150.19,150.57,c
150.87,151.3,x
151.69,152.05,x
152.47,152.7,b
153.06,153.31,c
153.77,154.19,x
154.55,154.86,x
155.24,155.68,x
155.94,156.35,x
156.91,157.3,x
157.64,157.98,x
158.4,158.78,x
159.13,159.48,x
160.44,160.81,x
161.15,161.53,x
161.84,162.29,x
162.67,162.91,c
163.34,163.72,x
164.14,164.5,x
164.88,165.23,x
165.65,165.99,x
166.83,167.11,b
167.44,167.73,x
168.13,168.55,x
169.21,169.48,b
169.89,170.2,x
170.54,170.85,x
171.32,171.68,x
172.14,172.48,x
172.94,173.28,x
173.68,174.05,x
174.49,174.91,x
175.31,175.58,c
176.0,176.28,c
176.61,177.0,x
177.34,177.67,x
178.07,178.5,x
178.83,179.17,x
179.65,179.85,b
180.26,180.66,x
180.99,181.4,x
181.72,182.14,x
182.56,182.85,c
183.21,183.6,x
183.97,184.26,c
184.66,184.95,c
185.37,185.67,c
186.08,186.35,c
186.67,186.97,c
187.37,187.62,c
188.76,189.08,b
189.47,189.8,b
190.43,190.69,b
191.09,191.41,x
191.74,192.07,x
192.45,192.77,x
193.23,193.62,x
194.01,194.34,x
194.73,195.09,x
195.42,195.71,c
196.02,196.35,c
196.82,197.21,x
197.54,197.98,x
198.28,198.7,x
198.98,199.38,x
199.74,200.14,x
200.55,200.79,b
201.42,201.77,x
202.17,202.51,x
202.86,203.27,x
203.58,203.98,x
204.33,204.66,x
205.05,205.29,c
205.75,206.1,x
206.63,206.94,b
207.21,207.52,x
207.84,208.18,x
208.59,208.96,x
209.33,209.59,b
210.05,210.34,x
210.72,211.05,x
211.39,211.72,x
212.07,212.32,c
212.81,213.16,x
213.61,213.94,x
214.3,214.73,x
215.08,215.49,x
215.85,216.22,x
216.94,217.22,b
217.52,217.93,x
218.28,218.59,x
218.98,219.23,c
219.7,220.07,x
220.48,220.85,x
221.31,221.69,x
222.02,222.4,x
222.84,223.22,x
223.55,223.94,x
224.32,224.66,x
224.98,225.29,c
225.74,226.13,x
226.51,226.84,x
227.25,227.54,x
227.94,228.3,x
228.61,228.91,c
229.25,229.57,c
229.94,230.4,x
230.77,231.15,x
231.48,231.88,x
232.33,232.72,x
233.07,233.36,c
233.78,234.07,c
235.2,235.52,c
235.97,236.39,x
236.82,237.21,x
237.56,237.87,x
238.26,238.6,x
238.96,239.19,c
239.61,239.89,c
240.27,240.53,c
241.01,241.21,c
241.64,241.87,c
242.17,242.4,b
242.79,243.06,c
243.48,243.71,c
244.11,244.46,x
244.75,245.02,c
245.4,245.64,c
245.98,246.25,x
246.6,246.89,c
247.73,247.99,b
248.38,248.62,c
248.94,249.24,c
249.66,250.01,x
250.36,250.68,x
251.07,251.37,x
251.76,252.08,x
252.44,252.81,x
253.15,253.51,x
253.85,254.21,x
254.57,254.89,x
255.26,255.65,x
255.98,256.35,x
256.62,256.91,x
257.31,257.57,c
258.04,258.31,c
258.7,259.12,x
259.57,259.8,b
260.21,260.45,c
260.82,261.11,c
261.44,261.73,x
262.09,262.53,x
262.8,263.18,x
263.51,263.91,x
264.23,264.54,c
265.1,265.37,b
265.7,266.05,x
266.37,266.66,c
267.03,267.42,x
267.75,268.09,x
268.41,268.8,x
269.36,269.65,c
270.01,270.4,x
270.69,271.1,x
271.49,271.9,x
272.24,272.57,x
273.01,273.39,x
273.74,274.18,x
274.53,274.9,x
275.28,275.68,x
276.08,276.58,x
276.96,277.35,x
277.71,278.12,x
278.5,278.83,x
279.23,279.62,x
280.0,280.29,c
280.63,280.93,c
281.4,281.85,x
282.15,282.59,x
282.94,283.4,x
283.69,283.98,c
284.42,284.7,x
285.36,285.73,x
286.12,286.42,c
286.78,287.05,c
287.41,287.69,c
288.08,288.38,c
288.78,289.09,c
289.46,289.75,c
290.11,290.42,c
290.79,291.12,c
291.51,291.87,c
292.12,292.45,c
293.48,293.79,b
294.2,294.47,b
294.92,295.22,b
295.71,295.95,b
296.4,296.75,x
297.16,297.44,x
298.04,298.33,c
298.7,299.06,x
299.46,299.78,x
300.13,300.44,x
300.76,301.13,x
301.6,301.89,x
302.62,302.9,b
303.31,303.65,x
303.95,304.28,x
304.64,304.97,x
305.37,305.64,x
306.1,306.43,x
306.81,307.15,x
307.6,307.98,x
308.37,308.67,x
309.14,309.4,b
309.76,310.09,x
310.46,310.8,x
311.23,311.6,x
311.96,312.28,x
312.7,313.06,x
313.42,313.8,x
314.23,314.6,x
314.94,315.38,x
315.98,316.25,b
316.64,316.86,c
317.31,317.56,c
318.02,318.42,x
318.76,319.04,c
319.35,319.67,c
320.01,320.27,c
320.68,321.04,x
321.45,321.78,x
322.19,322.58,x
322.91,323.36,x
323.72,324.02,c
324.32,324.64,x
325.07,325.46,x
325.82,326.18,x
326.56,326.93,x
327.34,327.71,x
328.01,328.36,x
328.7,329.09,x
329.47,329.97,x
330.37,330.62,c
330.97,331.27,c
331.6,331.89,c
332.26,332.56,c
332.9,333.19,c
333.59,333.87,c
334.29,334.6,c
335.45,335.72,c
336.1,336.34,c
336.73,337.05,x
337.46,337.78,x
338.15,338.51,x
338.92,339.2,x
339.73,339.93,b
340.32,340.55,c
340.95,341.2,b
341.55,341.87,x
342.19,342.6,x
342.89,343.29,x
343.59,343.84,c
344.19,344.57,x
344.89,345.21,x
345.62,345.94,x
346.26,346.59,x
347.0,347.4,x
347.73,347.97,c
348.35,348.61,c
348.91,349.31,x
349.6,349.98,x
350.6,350.81,b
351.17,351.6,x
352.3,352.69,x
353.0,353.37,x
353.7,354.06,x
354.73,355.12,x
355.46,355.85,x
356.22,356.56,x
356.91,357.31,x
357.67,358.03,x
358.38,358.78,x
359.2,359.38,c
359.82,360.15,x
360.83,361.14,x
361.51,361.77,c
362.23,362.45,c
362.86,363.16,x
363.55,363.78,c
364.25,364.64,x
365.04,365.44,x
366.09,366.33,b
366.75,367.1,x
367.57,367.91,x
368.26,368.62,x
368.99,369.24,c
369.62,369.99,x
370.32,370.54,c
370.97,371.32,x
371.59,371.85,c
372.14,372.42,c
372.83,373.24,x
373.59,373.86,c
374.33,374.54,c
375.06,375.26,b
375.7,376.08,x
376.45,376.79,x
377.24,377.6,x
377.9,378.24,x
378.63,378.99,x
379.33,379.7,x
380.03,380.42,x
380.87,381.18,x
381.64,381.98,x
382.73,382.93,b
383.37,383.76,x
384.11,384.5,x
384.89,385.11,c
385.49,385.73,c
386.14,386.4,c
386.86,387.16,x
387.53,387.78,c
388.19,388.48,x
388.9,389.12,c
389.53,389.77,c
390.15,390.41,c
390.99,391.41,x
392.13,392.46,x
392.81,393.11,x
393.54,393.95,x
394.29,394.66,x
395.26,395.61,b
395.95,396.37,x
396.75,397.12,x
397.42,397.89,x
398.19,398.54,x
398.87,399.26,x
399.57,400.03,x
400.26,400.68,x
400.88,401.18,c
401.56,402.01,x
402.28,402.75,x
403.29,403.75,x
404.01,404.44,x
404.74,405.13,x
405.44,405.9,x
406.2,406.45,c
406.82,407.09,c
407.4,407.83,c
408.01,408.33,c
408.67,409.15,x
409.43,409.71,c
410.02,410.48,x
410.76,411.15,x
411.73,412.04,c
412.38,412.97,x
413.44,413.83,c
414.42,414.7,?
414.88,415.17,?
415.39,415.65,?
415.98,416.25,c
416.45,416.91,x
417.27,417.69,x
418.01,418.41,x
418.73,419.19,x
419.35,419.76,c
420.5,420.98,x
421.11,421.45,c
421.75,422.18,x
422.42,422.73,c
423.1,423.59,x
423.91,424.38,x
424.59,425.11,x
425.41,425.77,b
426.07,426.61,x
426.98,427.38,x
427.65,428.11,x
428.36,428.84,x
429.05,429.54,x
429.73,430.03,c
430.4,430.88,x
431.13,431.64,x
431.81,432.27,x
432.49,432.94,x
433.15,433.42,c
433.74,434.16,x
434.4,434.84,x
435.14,435.58,x
435.8,436.25,x
436.81,437.13,b
437.33,437.76,x
438.07,438.5,x
438.79,439.27,x
439.48,440.02,x
440.28,440.69,x
441.25,441.8,x
442.03,442.45,x
442.77,443.22,x
443.33,443.9,x
444.16,444.62,x
444.94,445.34,x
445.6,446.0,x
446.28,446.79,x
447.0,447.47,x
447.71,448.2,x
448.51,448.97,x
449.23,449.68,x
449.96,450.45,x
450.66,451.14,x
451.42,451.73,c
452.03,452.37,c
452.65,453.13,x
453.37,453.9,x
454.06,454.47,c
454.59,454.99,c
455.2,455.83,x
455.95,456.48,x
456.54,457.21,x
457.28,457.81,x
458.41,458.97,b
459.02,459.62,x
459.83,460.25,c
460.43,461.07,x
461.07,461.72,x
461.72,462.44,x
462.44,463.1,x
463.19,463.72,c
463.77,464.38,c
464.48,465.07,c
465.28,465.92,x
465.92,466.52,x
466.69,467.26,x
467.4,468.06,x
468.22,468.86,x
469.02,469.4,c
469.6,470.19,x
470.19,470.85,x
470.9,471.59,x
471.66,472.28,x
472.61,473.31,x
473.41,473.97,x
474.11,474.71,x
474.8,475.31,x
475.51,476.16,c
476.31,477.13,x
477.13,477.78,x
477.78,478.46,x
478.46,479.16,x
479.51,480.14,b
480.14,480.67,b
480.97,481.58,x
481.58,482.12,x
482.19,482.78,x
482.88,483.57,x
483.65,484.19,x
484.26,484.86,x
485.08,485.51,c
485.6,486.26,x
486.37,486.87,c
486.94,487.47,c
487.69,488.38,x
488.46,489.05,x
489.16,489.77,x
489.9,490.52,x
490.58,491.25,x
491.25,491.93,x
491.93,492.61,x
492.61,493.24,x
493.32,494.03,x
494.15,494.78,x
494.92,495.36,c
495.56,496.25,x
496.25,496.89,x
497.0,497.7,x
497.7,498.43,x
498.49,499.18,x
499.33,499.88,x
500.06,500.71,x
501.12,501.58,b
501.79,502.35,c
502.51,503.03,x
503.14,503.8,x
503.98,504.55,c
504.73,505.33,x
505.33,506.12,x
506.12,506.85,x
507.02,507.56,c
507.64,508.24,x
508.34,509.02,x
509.12,509.84,x
509.84,510.45,c
510.45,511.04,c
511.18,511.77,x
511.83,512.52,x
512.52,513.23,c
513.31,513.8,c
513.93,514.33,c
514.41,514.9,c
515.15,515.73,c
516.53,517.17,x
517.21,517.79,x
517.96,518.47,x
518.66,519.26,x
519.43,520.03,x
520.21,520.75,x
520.86,521.48,x
521.48,522.2,x
522.31,522.83,c
522.89,523.44,c
523.53,524.14,c
524.14,524.69,c
524.69,525.26,c
525.26,525.81,c
525.81,526.38,c
526.61,527.19,x
527.35,527.97,x
528.04,528.73,x
528.78,529.42,x
529.58,530.1,b
530.25,530.89,x
530.94,531.56,x
531.56,532.11,c
532.23,532.97,x
532.97,533.63,x
533.63,534.39,x
534.47,535.13,x
535.2,535.88,x
535.96,536.67,x
536.67,537.32,x
537.38,537.93,c
537.93,538.55,c
538.55,539.15,c
539.29,539.92,x
539.92,540.66,x
540.66,541.5,x
541.5,542.3,x
542.3,542.96,x
543.28,543.89,b
544.04,544.8,x
544.8,545.54,x
545.54,546.19,x
546.19,546.98,x
546.98,547.6,c
547.6,548.35,x
548.35,548.91,c
549.07,549.63,x
549.63,550.27,c
550.39,550.89,c
551.13,551.79,b
551.83,552.31,x
552.47,553.1,x
553.25,553.89,c
553.89,554.39,c
554.56,555.1,c
555.27,555.69,c
555.96,556.4,c
556.61,557.1,c
557.19,557.72,c
557.79,558.39,x
558.42,559.01,x
559.2,559.91,x
559.91,560.46,c
560.96,561.5,c
561.56,562.25,c
563.52,564.02,b
564.15,564.61,b
564.81,565.34,b
565.5,565.95,b
566.28,566.96,x
567.07,567.57,b
567.77,568.32,x
568.32,568.9,x
568.9,569.55,x
570.06,570.54,x
570.66,571.3,x
571.41,572.01,x
572.28,572.89,x
572.93,573.53,x
573.69,574.18,c
574.36,574.82,x
575.23,575.78,c
575.97,576.55,x
576.7,577.3,x
577.38,577.9,x
577.9,578.61,x
578.77,579.24,c
579.47,580.14,x
580.31,580.7,b
580.88,581.41,c
581.41,582.01,x
582.22,582.73,x
582.87,583.36,c
583.46,584.05,c
584.21,584.74,c
584.89,585.3,c
585.36,586.04,c
586.04,586.6,c
586.72,587.3,c
587.46,588.12,x
588.12,588.77,x
589.44,589.97,b
590.07,590.68,b
590.94,591.65,x
591.65,592.27,x
592.27,592.73,c
592.73,593.29,c
593.29,593.96,c
593.96,594.56,c
594.56,595.14,c
595.31,595.93,x
596.11,596.71,c
596.71,597.31,c
597.71,598.19,c
598.3,598.93,c
598.93,599.51,c
599.51,600.13,c
600.39,600.85,c
602.0,602.57,b
602.7,603.29,b
603.47,603.95,b
604.04,604.68,x
604.94,605.47,b
605.61,606.29,x
606.29,606.83,x
606.92,607.53,x
607.53,608.23,x
608.23,608.88,x
608.88,609.63,x
609.99,610.57,x
610.57,611.29,x
611.29,611.94,x
612.06,612.56,c
612.67,613.28,x
613.41,613.86,c
614.06,614.57,x
614.77,615.28,x
615.46,616.05,x
616.21,616.8,x
617.0,617.68,x
617.68,618.38,x
618.38,618.98,x
619.18,619.77,x
619.88,620.54,x
620.56,621.08,x
621.24,621.77,x
621.98,622.5,c
622.62,623.22,x
623.22,623.85,x
623.95,624.58,x
624.58,625.28,x
625.28,625.97,x
626.03,626.53,c
626.53,627.2,x
627.69,628.21,b
628.43,629.06,x
629.13,629.79,x
630.12,630.91,x
631.11,631.57,x
631.74,632.25,c
632.33,632.81,c
632.97,633.5,c
633.67,634.29,c
634.4,634.98,c
635.11,635.71,c
635.71,636.25,c
636.47,637.02,c
637.2,637.71,b
637.86,638.36,b
638.66,639.31,b
639.52,640.02,x
640.17,640.73,x
640.83,641.4,x
641.52,642.05,c
642.15,642.8,x
642.8,643.47,x
643.55,644.12,x
644.22,644.9,x
645.11,645.63,b
645.85,646.37,x
646.76,647.44,x
647.44,648.02,x
648.09,648.86,x
648.86,649.56,x
649.56,650.29,x
650.52,650.96,c
651.16,651.74,c
651.74,652.34,c
652.34,652.98,c
652.98,653.54,c
653.69,654.16,c
654.26,654.73,c
654.9,655.53,x
655.66,656.19,x
656.47,657.0,b
657.2,657.75,b
657.75,658.13,b
658.33,658.87,x
658.98,659.44,c
659.65,660.35,x
660.35,661.03,x
661.14,661.65,x
661.86,662.45,x
662.59,663.15,x
663.25,663.87,x
663.91,664.58,x
664.67,665.25,x
665.34,665.99,x
666.06,666.74,x
667.08,667.76,x
667.91,668.54,x
668.68,669.37,x
669.44,670.13,x
670.18,670.79,x
670.84,671.5,x
671.61,672.24,x
672.24,672.92,x
672.92,673.6,x
673.78,674.46,x
674.46,675.15,x
675.15,675.87,x
675.96,676.65,x
676.71,677.36,x
677.45,677.97,c
678.11,678.75,x
678.75,679.46,x
679.46,680.08,x
680.58,681.13,c
681.22,681.89,x
681.89,682.53,x
682.53,683.25,x
683.25,683.98,x
683.98,684.73,x
684.73,685.5,x
685.64,686.12,c
686.33,687.0,x
687.26,687.88,x
688.05,688.68,x
688.82,689.43,x
689.53,690.23,x
690.38,691.05,x
691.14,691.73,x
691.86,692.48,x
692.67,693.31,x
693.37,694.09,x
694.23,694.88,x
694.97,695.6,x
695.67,696.43,x
696.43,697.13,x
697.13,697.82,x
697.95,698.55,x
698.64,699.34,x
699.72,700.29,x
700.93,701.64,x
701.64,702.27,c
702.35,703.13,x
703.13,703.77,x
703.81,704.31,c
704.47,705.02,c
705.08,705.78,x
705.98,706.6,c
706.72,707.38,x
707.5,708.12,x
708.3,708.79,b
708.91,709.48,x
709.53,710.21,c
710.34,711.08,x
711.16,711.87,x
712.04,712.75,x
712.75,713.51,x
713.69,714.23,x
714.3,714.94,x
715.11,715.75,x
715.75,716.42,x
716.46,717.01,c
717.07,717.66,c
717.66,718.44,x
718.65,719.32,x
719.65,720.19,b
720.33,721.0,x
721.29,722.02,x
722.02,722.68,x
722.79,723.53,x
723.62,724.39,x
724.39,725.15,x
725.15,725.8,x
726.07,726.6,b
726.87,727.63,x
727.63,728.26,x
728.41,729.11,x
729.21,729.78,x
729.78,730.46,x
730.6,731.26,c
731.26,731.81,c
731.92,732.57,c
732.61,733.14,c
733.28,733.84,c
733.92,734.52,c
734.63,735.24,c
735.24,735.85,c
735.96,736.47,c
736.63,737.16,c
737.32,738.09,x
738.28,738.87,b
739.0,739.62,b
739.62,740.17,b
740.44,741.03,x
741.11,741.63,b
741.99,742.66,x
742.66,743.4,x
743.4,743.99,x
743.99,744.7,x
744.84,745.29,x
745.4,745.78,b
745.89,746.5,x
746.71,747.27,x
747.41,748.02,x
748.02,748.66,x
748.75,749.43,x
749.55,750.31,x
750.34,750.95,x
751.05,751.78,x
751.94,752.51,c
752.58,753.31,x
753.31,754.0,x
754.25,754.67,x
755.0,755.47,x
755.71,756.2,x
756.51,756.84,c
757.16,757.75,x
758.02,758.6,x
758.79,759.28,x
759.63,760.07,x
760.26,760.51,c
760.8,761.27,x
761.53,762.08,x
762.33,762.78,x
763.13,763.64,x
764.13,764.6,x
764.85,765.31,x
765.6,765.96,c
766.27,766.8,x
767.46,767.81,c
768.13,768.53,c
768.88,769.22,c
769.55,769.9,c
770.2,770.6,c
770.92,771.22,c
771.5,771.87,c
772.18,772.57,c
772.87,773.21,c
773.5,773.83,c
774.17,774.53,c
774.85,775.18,c
775.44,775.8,c
776.22,776.73,x
776.89,777.41,x
779.71,779.98,b
780.53,780.92,b
781.75,782.15,c
782.27,782.61,c
782.82,783.16,c
783.39,783.81,c
784.04,784.45,c
784.95,785.28,b
785.73,786.07,b
786.43,786.8,b
787.13,787.45,b
787.87,788.11,b
788.37,788.87,x
789.17,789.49,c
789.78,790.06,b
790.27,790.81,x
791.11,791.41,c
791.8,792.11,b
792.29,792.79,x
792.99,793.51,x
793.79,794.3,x
794.5,795.03,x
795.24,795.74,x
796.41,796.82,b
797.05,797.47,x
797.69,798.11,c
798.46,798.98,x
799.24,799.73,x
800.26,800.77,x
800.98,801.28,c
801.53,802.09,x
802.3,802.83,x
803.15,803.59,x
803.87,804.37,x
804.63,805.07,x
805.46,805.77,b
806.09,806.58,x
806.81,807.38,x
807.54,808.17,x
808.47,808.8,c
809.13,809.44,c
809.78,810.11,c
810.41,810.93,x
811.18,811.7,x
811.86,812.46,x
812.98,813.3,b
813.59,814.17,x
814.3,814.93,x
814.93,815.65,x
815.65,816.4,x
816.4,817.19,x
817.19,817.91,x
817.91,818.56,b
818.56,819.29,x
819.29,819.86,c
819.86,820.55,c
820.55,821.12,c
821.21,821.91,x
821.98,822.62,x
822.74,823.36,x
823.88,824.59,x
824.59,825.3,x
825.3,826.08,x
826.08,826.91,x
826.91,827.47,c
827.57,828.11,c
828.18,828.76,c
828.87,829.49,c
829.49,830.05,c
830.05,830.72,c
830.72,831.4,c
831.4,832.01,c
832.01,832.7,c
834.49,835.2,c
835.2,835.81,c
836.27,836.93,b
836.93,837.66,b
837.66,838.36,b
838.36,839.1,b
839.1,839.84,b
839.84,840.52,b
840.6,841.25,x
841.25,841.95,x
841.95,842.65,x
842.65,843.38,x
843.38,844.13,x
844.33,844.99,c
844.99,845.75,x
845.75,846.4,x
846.64,847.27,c
847.27,847.94,x
847.94,848.52,c
848.52,849.21,b
849.21,849.96,x
850.28,851.05,x
851.05,851.74,x
851.74,852.42,x
852.42,853.12,x
853.12,853.76,c
853.76,854.41,c
854.52,855.06,c
855.17,855.69,c
855.69,856.32,c
856.32,856.9,c
856.9,857.47,c
857.47,858.14,c
858.14,858.73,c
858.73,859.35,c
859.35,859.98,c
860.4,860.92,b
860.92,861.52,b
861.52,862.3,x
862.5,863.09,b
863.18,863.81,b
863.89,864.64,b
864.64,865.34,b
865.62,866.23,x
866.23,866.87,x
866.87,867.63,x
867.63,868.26,x
868.48,868.91,b
869.34,870.16,x
870.16,870.83,x
870.83,871.51,x
871.51,872.31,x
872.31,872.92,c
872.92,873.43,c
873.43,874.09,c
874.32,875.05,c
875.15,875.85,b
875.85,876.47,c
877.27,877.75,b
878.09,878.61,b
878.85,879.26,b
879.53,880.23,c
880.41,880.94,b
880.94,881.61,b
881.74,882.32,x
882.32,883.09,x
883.17,883.86,x
884.06,884.78,x
884.78,885.52,x
885.52,886.21,x
886.21,886.84,c
886.92,887.63,x
887.63,888.4,x
888.4,889.24,x
889.24,889.92,x
889.92,890.61,x
890.61,891.23,x
891.35,892.02,x
892.07,892.67,c
892.67,893.28,c
893.28,894.05,c
894.05,894.72,c
894.72,895.41,c
895.41,896.06,c
896.06,896.67,c
896.67,897.36,c
897.36,897.99,c
898.62,899.17,b
899.22,899.96,b
899.96,900.64,b
900.81,901.3,b
901.3,901.91,c
901.91,902.54,c
902.54,903.25,x
903.54,904.37,x
904.37,905.03,x
905.03,905.53,c
905.68,906.29,x
906.29,906.94,x
906.94,907.7,x
907.7,908.36,x
908.36,909.04,x
909.04,909.84,x
909.84,910.46,x
910.56,911.27,x
911.36,911.96,x
912.03,912.73,x
912.88,913.54,x
913.54,914.42,x
914.42,915.07,x
915.14,915.87,x
915.94,916.61,x
916.61,917.27,x
917.27,918.09,x
918.09,918.9,x
918.9,919.67,x
919.67,920.48,x
920.58,921.25,x
921.32,921.94,x
921.94,922.48,c
922.59,923.21,x
923.32,923.86,b
923.92,924.66,x
924.84,925.49,b
925.49,926.18,x
926.31,926.98,x
926.98,927.62,x
927.62,928.46,x
928.46,929.1,c
929.1,929.68,c
929.68,930.56,x
930.61,931.29,x
931.29,931.99,x
932.09,932.72,c
932.72,933.37,c
933.37,934.16,x
934.16,934.88,c
934.88,935.51,c
935.62,936.17,x
936.28,936.85,c
936.85,937.62,x
937.62,938.24,b
938.24,938.96,x
938.96,939.68,x
939.68,940.41,x
940.41,941.13,x
941.13,941.9,x
941.9,942.61,x
942.61,943.4,x
943.4,943.89,c
944.06,944.74,x
944.74,945.44,c
945.44,946.15,x
946.15,946.79,c
946.79,947.51,c
947.51,948.24,c
948.24,948.78,c
949.7,950.22,c
950.34,951.1,x
951.1,951.62,b
951.62,952.14,c
952.22,952.98,x
953.34,953.86,b
954.06,954.65,x
954.65,955.32,x
955.43,956.06,b
956.06,956.71,b
956.71,957.47,x
957.7,958.45,x
958.45,959.28,x
959.28,960.16,x
960.16,960.88,x
960.88,961.42,c
961.5,962.1,x
962.19,962.8,x
962.99,963.63,x
963.82,964.54,x
964.64,965.24,x
965.3,965.98,x
966.05,966.65,x
966.75,967.42,x
967.52,968.12,c
968.28,968.84,c
968.98,969.59,c
969.64,970.25,c
970.37,971.01,x
971.01,971.66,x
971.73,972.4,x
972.51,973.21,x
973.29,973.84,x
973.93,974.69,x
974.69,975.36,x
975.36,975.91,c
976.1,976.76,c
976.76,977.3,c
977.91,978.55,c
978.74,979.19,c
979.33,979.81,c
979.97,980.63,x
980.83,981.35,x
981.54,982.1,x
982.26,982.69,b
982.95,983.43,b
983.53,984.01,x
984.13,984.67,c
985.16,985.75,x
985.75,986.44,x
986.44,987.22,x
987.77,988.41,b
988.41,989.11,x
989.11,989.82,x
989.82,990.62,x
990.62,991.32,x
991.77,992.41,x
992.51,993.03,c
993.17,993.85,x
993.85,994.59,x
994.73,995.44,x
995.65,996.14,b
996.6,997.2,x
997.31,997.87,x
997.97,998.6,c
998.76,999.36,x
999.43,1000.17,x
1000.21,1000.86,x
1000.95,1001.62,x
1001.9,1002.52,x
1002.52,1003.06,c
1003.22,1003.87,x
1003.97,1004.6,x
1004.76,1005.38,x
1005.54,1006.25,x
1006.3,1007.13,x
1007.42,1008.04,c
1008.17,1008.7,x
1008.85,1009.39,b
1009.63,1010.12,b
1010.19,1010.8,x
1010.95,1011.56,x
1011.74,1012.34,x
1012.37,1013.2,x
1013.4,1014.06,x
1014.2,1014.82,x
1014.88,1015.56,x
1015.71,1016.31,x
1016.43,1016.97,c
1017.32,1018.02,x
1018.02,1018.69,x
1018.69,1019.33,x
1019.38,1020.02,x
1020.53,1021.15,x
1021.34,1021.85,x
1022.33,1022.95,x
1023.09,1023.62,x
1023.77,1024.34,x
1024.41,1025.07,x
1025.39,1025.98,x
1026.16,1026.59,x
1026.79,1027.48,x
1027.48,1027.98,c
1028.11,1028.65,c
1028.79,1029.45,x
1029.58,1030.35,x
1030.39,1031.11,x
1031.21,1031.86,x
1032.25,1032.73,b
1032.89,1033.4,c
1033.61,1034.14,x
1034.32,1034.81,c
1034.92,1035.32,b
1035.48,1036.07,x
1036.11,1036.78,x
1036.85,1037.52,x
1037.69,1038.28,x
1038.43,1038.96,x
1039.27,1039.88,x
1039.88,1040.48,x
1040.62,1041.29,x
1041.62,1042.24,x
1042.36,1043.08,x
1043.08,1043.76,x
1043.86,1044.62,x
1044.62,1045.36,x
1045.5,1046.24,x
1046.55,1047.1,b
1047.41,1048.18,x
1048.18,1048.8,x
1048.8,1049.56,x
1049.73,1050.42,x
1050.57,1051.14,x
1051.39,1051.84,x
1052.04,1052.47,c
1052.54,1053.13,c
1053.22,1053.73,c
1053.86,1054.52,x
1054.63,1055.23,x
1055.33,1055.89,c
1056.1,1056.76,x
1056.76,1057.43,x
1057.65,1058.26,x
1058.26,1058.88,x
1059.03,1059.74,x
1059.83,1060.49,x
1060.62,1061.21,x
1061.31,1061.83,c
1061.92,1062.49,c
1062.62,1063.02,c
1063.12,1063.6,c
1063.72,1064.25,c
1064.38,1064.88,x
1065.12,1065.62,c
1065.74,1066.25,c
1066.29,1066.82,c
1066.96,1067.6,x
1067.81,1068.5,x
1068.73,1069.1,b
1069.56,1070.18,b
1070.4,1070.84,b
1071.01,1071.51,x
1071.68,1072.3,x
1072.34,1072.87,c
1072.99,1073.66,x
1073.77,1074.34,x
1074.5,1075.12,x
1075.32,1075.84,b
1075.98,1076.56,x
1076.71,1077.28,c
1077.89,1078.58,x
1078.61,1079.11,b
1079.23,1079.9,x
1080.02,1080.67,x
1080.75,1081.34,x
1081.45,1082.0,x
1082.28,1082.81,x
1083.0,1083.55,x
1083.76,1084.37,x
1084.42,1084.87,c
1085.02,1085.57,c
1085.8,1086.41,x
1086.55,1087.09,x
1087.2,1087.86,x
1088.08,1088.7,x
1088.88,1089.54,x
1089.68,1090.22,x
1090.41,1091.04,x
1091.12,1091.64,x
1092.12,1092.46,b
1092.68,1093.26,x
1093.43,1093.91,c
1094.03,1094.54,c
1094.68,1095.21,c
1095.37,1095.84,c
1095.97,1096.58,x
1096.71,1097.32,x
1097.5,1097.87,b
1098.08,1098.71,x
1098.78,1099.46,x
1099.67,1100.11,b
1100.11,1100.44,b
1100.66,1101.26,x
1101.54,1102.02,x
1102.12,1102.76,x
1102.95,1103.55,x
1103.69,1104.33,b
1104.46,1105.12,x
1105.22,1105.83,x
1106.05,1106.67,x
1106.77,1107.35,x
1107.48,1108.13,x
1108.22,1108.79,x
1108.87,1109.55,x
1109.78,1110.28,c
1110.28,1110.91,c
1111.02,1111.52,c
1111.7,1112.22,c
1112.32,1112.88,c
1112.98,1113.62,c
1113.75,1114.0,c
1114.38,1114.95,x
1115.51,1115.8,b
1116.48,1116.84,b
1117.04,1117.52,x
1117.76,1118.34,x
1118.53,1118.88,b
1119.22,1119.55,b
1119.86,1120.3,x
1120.59,1120.91,b
1121.41,1121.83,x
1122.07,1122.42,c
1122.71,1123.17,x
1123.51,1123.96,x
1124.17,1124.61,x
1124.94,1125.26,c
1125.97,1126.4,x
1126.68,1127.04,c
1127.35,1127.77,x
1127.99,1128.53,x
1128.74,1129.21,x
1129.54,1129.96,x
1130.16,1130.42,b
1130.7,1131.14,x
1131.43,1131.89,x
1132.22,1132.74,x
1133.33,1133.77,x
1133.92,1134.46,x
1134.67,1135.08,c
1135.38,1135.92,x
1136.17,1136.57,x
1136.75,1137.3,x
1137.48,1138.11,x
1138.55,1138.82,b
1139.36,1139.74,x
1140.1,1140.54,x
1140.78,1141.27,x
1141.58,1142.14,x
1142.34,1142.84,x
1143.11,1143.59,x
1143.95,1144.39,x
1144.69,1145.29,x
1145.63,1146.05,x
1146.29,1146.8,x
1147.03,1147.48,x
1147.73,1148.26,x
1148.51,1148.98,x
1149.23,1149.65,x
1149.93,1150.42,x
1150.67,1151.0,c
1151.36,1151.82,x
1152.11,1152.45,c
1152.83,1153.18,c
1153.44,1153.77,c
1154.08,1154.49,c
1154.81,1155.15,c
1155.51,1155.84,c
1156.22,1156.55,c
1156.95,1157.24,c
1157.66,1157.97,c
1158.31,1158.6,c
1158.92,1159.31,c
1159.63,1160.04,c
1160.3,1160.73,c
1163.97,1164.34,c
1164.55,1165.04,c
1165.38,1165.75,c
1166.0,1166.42,c
1166.63,1167.02,c
1167.26,1167.69,c
1167.85,1168.2,c
1168.38,1168.81,c
1169.01,1169.49,c
1170.13,1170.57,c
1171.19,1171.45,b
1171.82,1172.15,b
1172.52,1172.88,b
1173.21,1173.57,b
1174.33,1174.8,b
1174.95,1175.56,b
1175.66,1176.2,x
1176.26,1176.91,x
1176.91,1177.7,x
1177.7,1178.37,x
1178.37,1178.99,x
1179.13,1179.8,x
1179.86,1180.09,b
1180.22,1180.92,x
1181.01,1181.5,b
1181.64,1182.28,x
1182.36,1182.94,x
1183.1,1183.7,x
1183.88,1184.38,x
1184.49,1185.13,x
1185.62,1186.18,x
1186.25,1186.85,x
1187.05,1187.49,x
1187.63,1188.13,x
1188.28,1188.73,c
1188.88,1189.43,x
1189.58,1190.06,c
1190.2,1190.75,x
1190.95,1191.47,x
1191.58,1192.1,c
1192.19,1192.73,b
1192.94,1193.33,c
1193.48,1194.05,c
1194.15,1194.75,x
1194.75,1195.36,x
1195.55,1196.13,x
1196.32,1196.95,x
1197.13,1197.57,b
1197.68,1198.3,x
1198.46,1199.02,x
1199.07,1199.71,x
1199.83,1200.35,x
1200.67,1201.31,b
1201.63,1202.45,x
1202.53,1203.05,x
1203.21,1203.82,x
1203.96,1204.59,x
1204.75,1205.22,b
1205.41,1205.86,c
1206.0,1206.56,c
1206.78,1207.3,x
1207.49,1208.0,c
1208.16,1208.66,c
1208.79,1209.35,c
1209.43,1210.03,c
1210.65,1211.36,x
1211.43,1212.07,x
1212.17,1212.73,x
1213.3,1213.89,x
1213.95,1214.61,x
1214.69,1215.38,x
1215.48,1215.85,c
1216.02,1216.68,x
1216.79,1217.41,x
1217.64,1218.11,x
1218.2,1218.54,b
1218.83,1219.33,x
1219.51,1220.08,x
1220.23,1220.89,x
1221.01,1221.53,x
1221.64,1222.32,x
1222.59,1223.02,x
1223.19,1223.82,x
1223.99,1224.4,c
1224.54,1225.07,c
1225.26,1225.77,x
1226.01,1226.53,x
1226.73,1227.24,x
1227.96,1228.33,b
1228.63,1229.09,x
1229.25,1229.75,c
1229.91,1230.44,x
1230.89,1231.44,c
1231.6,1232.13,c
1232.28,1232.91,x
1233.23,1233.91,x
1234.06,1234.55,x
1234.7,1235.18,c
1235.41,1235.88,x
1236.0,1236.5,c
1236.64,1237.11,x
1237.32,1237.89,x
1238.05,1238.42,c
1238.67,1239.22,x
1239.45,1239.88,b
1240.02,1240.57,x
1240.81,1241.34,x
1241.43,1242.08,x
1242.39,1242.76,b
1242.99,1243.49,x
1243.61,1244.08,x
1244.26,1244.84,c
1244.92,1245.46,c
1245.58,1246.02,c
1246.14,1246.56,c
1246.66,1247.26,c
1247.35,1247.88,c
1248.01,1248.55,c
1248.69,1249.39,x
1249.54,1250.1,b
1250.17,1250.69,b
1251.07,1251.57,c
1251.67,1252.28,c
1252.28,1252.87,c
1252.93,1253.45,c
1253.56,1254.03,c
1254.1,1254.69,c
1254.81,1255.29,x
1255.52,1256.07,x
1256.26,1256.88,x
1257.03,1257.57,x
1257.78,1258.29,b
1258.79,1259.27,x
1259.48,1260.09,x
1260.2,1260.76,x
1260.89,1261.47,x
1261.58,1262.16,x
1262.34,1262.89,x
1263.01,1263.59,x
1263.68,1264.28,x
1264.43,1264.98,x
1265.12,1265.69,x
1265.79,1266.28,c
1266.37,1267.03,x
1267.13,1267.88,x
1267.88,1268.58,x
1268.65,1269.15,x
1269.33,1270.0,x
1270.16,1270.81,x
1270.96,1271.45,x
1272.09,1272.55,x
1272.78,1273.42,x
1273.42,1274.1,x
1274.19,1274.71,c
1274.83,1275.47,x
1275.62,1276.13,c
1276.27,1276.78,c
1276.98,1277.41,c
1277.67,1278.23,x
1278.37,1278.97,c
1279.54,1280.01,b
1280.2,1280.78,x
1281.01,1281.48,c
1281.62,1282.12,x
1282.28,1282.81,c
1282.88,1283.49,c
1283.55,1284.14,c
1284.25,1284.79,c
1284.9,1285.43,c
1285.65,1286.17,x
1286.33,1286.92,x
1286.92,1287.57,x
1287.73,1288.26,x
1288.47,1289.02,b
1289.36,1289.83,b
1290.34,1290.83,x
1290.96,1291.6,x
1291.8,1292.33,x
1292.49,1293.07,x
1293.26,1293.82,x
1293.98,1294.5,x
1294.79,1295.39,x
1295.53,1296.06,x
1296.33,1296.98,x
1297.03,1297.51,c
1297.63,1298.25,x
1298.35,1298.91,x
1299.05,1299.59,x
1299.8,1300.43,x
1300.57,1301.16,x
1301.25,1301.92,x
1302.05,1302.57,c
1302.63,1303.2,x
1303.31,1303.81,c
1304.01,1304.52,c
1304.58,1305.18,c
1305.25,1305.84,c
1305.93,1306.53,c
1306.67,1307.24,c
1307.31,1307.96,c
1308.11,1308.6,c
1308.75,1309.33,c
1309.4,1309.94,c
1310.77,1311.24,c
1311.5,1312.02,c
1312.29,1312.78,c
1312.88,1313.47,c
1316.46,1317.01,b
1317.23,1317.87,b
1318.35,1318.82,b
1319.05,1319.57,x
1319.81,1320.37,b
1320.73,1321.12,b
1322.04,1322.5,b
1322.64,1323.12,b
1323.34,1323.95,b
1324.13,1324.52,b
1324.8,1325.32,x
1325.59,1326.04,c
1326.26,1326.79,x
1326.96,1327.52,x
1327.68,1328.27,x
1328.45,1329.01,x
1329.21,1329.72,x
1329.92,1330.53,x
1330.64,1331.25,x
1331.38,1331.93,x
1332.1,1332.67,x
1332.86,1333.34,x
1333.59,1334.19,x
1334.25,1334.78,x
1335.0,1335.55,x
1335.65,1336.27,x
1336.41,1336.91,x
1337.1,1337.64,x
1337.9,1338.47,x
1338.64,1339.23,x
1339.42,1339.89,c
1340.04,1340.5,c
1340.58,1341.15,c
1341.24,1341.81,c
1341.89,1342.5,x
1342.65,1343.27,x
1343.4,1343.89,x
1344.05,1344.71,x
1345.09,1345.6,b
1345.79,1346.42,x
1346.58,1347.21,b
1347.51,1348.15,x
1348.39,1349.0,x
1349.17,1349.67,x
1349.84,1350.4,x
1350.6,1351.26,x
1351.41,1352.09,x
1352.46,1353.04,x
1353.26,1353.71,c
1353.91,1354.39,c
1354.58,1355.2,x
1355.38,1355.87,c
1356.03,1356.54,b
1356.67,1357.25,x
1357.44,1357.89,x
1358.18,1358.74,x
1358.9,1359.4,x
1359.63,1360.18,x
1360.44,1360.79,b
1360.86,1361.29,b
1361.46,1361.96,x
1362.23,1362.73,x
1362.9,1363.39,x
1363.57,1364.09,x
1364.3,1364.82,x
1365.01,1365.55,x
1365.74,1366.23,x
1366.36,1367.02,x
1367.12,1367.66,x
1367.87,1368.39,x
1368.54,1368.95,c
1369.18,1369.67,x
1369.82,1370.44,x
1370.48,1371.07,x
1371.15,1371.59,c
1371.77,1372.33,x
1372.5,1373.25,x
1373.64,1374.12,b
1374.32,1374.72,b
1374.89,1375.52,x
1375.66,1376.09,x
1376.27,1376.89,x
1377.02,1377.78,x
1378.36,1378.82,b
1378.98,1379.43,b
1379.63,1380.13,b
1380.6,1381.08,x
1381.22,1381.82,x
1382.05,1382.56,x
1382.73,1383.22,x
1383.41,1383.79,c
1384.01,1384.58,x
1384.78,1385.37,x
1385.54,1386.12,x
1386.25,1386.75,x
1386.97,1387.63,x
1388.03,1388.56,x
1388.73,1389.3,x
1389.39,1390.02,x
1390.11,1390.75,x
1390.98,1391.34,b
1391.53,1392.17,x
1392.27,1392.83,x
1393.01,1393.62,x
1393.75,1394.33,x
1395.18,1395.73,b
1395.84,1396.39,x
1396.68,1397.31,x
1397.44,1398.02,x
1398.22,1398.76,x
1398.95,1399.48,x
1399.64,1400.16,x
1400.37,1401.02,x
1401.29,1401.89,x
1402.06,1402.63,x
1402.77,1403.39,x
1403.6,1404.1,c
1404.31,1404.74,c
1404.92,1405.4,c
1405.66,1406.13,x
1406.35,1406.84,x
1407.05,1407.71,x
1407.81,1408.34,c
1408.51,1409.02,c
1409.14,1409.76,x
1409.96,1410.47,x
1410.62,1411.22,x
1411.57,1412.11,b
1412.46,1412.96,c
1413.18,1413.69,x
1413.98,1414.52,x
1414.69,1415.22,x
1415.46,1416.05,x
1416.3,1416.73,b
1416.84,1417.41,x
1417.79,1418.56,x
1418.71,1419.06,x
1419.3,1419.91,x
1420.08,1420.59,c
1420.74,1421.19,c
1421.41,1421.97,x
1422.15,1422.71,x
1422.94,1423.44,x
1423.62,1424.15,x
1424.38,1424.92,x
1425.11,1425.64,x
1425.85,1426.34,x
1426.61,1427.19,b
1427.37,1427.74,c
1427.92,1428.33,c
1428.44,1428.96,c
1429.13,1429.69,c
1429.77,1430.24,x
1430.53,1430.97,x
1431.2,1431.74,x
1432.2,1432.69,b
1432.94,1433.5,x
1433.7,1434.24,b
1434.35,1434.94,x
1435.55,1436.14,x
1436.25,1436.76,c
1436.88,1437.39,c
1437.53,1438.1,x
1438.35,1438.92,x
1439.12,1439.61,x
1439.94,1440.5,x
1440.65,1441.11,c
1441.27,1441.91,x
1442.09,1442.64,x
1442.82,1443.36,x
1443.84,1444.37,c
1444.51,1445.1,b
1445.28,1445.83,x
1446.05,1446.7,x
1446.8,1447.32,c
1447.57,1448.16,x
1448.35,1448.95,x
1449.1,1449.76,x
1449.92,1450.42,x
1450.88,1451.52,x
1451.69,1452.18,x
1452.33,1452.93,x
1453.16,1453.72,x
1453.79,1454.33,c
1454.46,1455.04,x
1455.24,1455.86,x
1456.86,1457.3,b
1457.52,1457.93,c
1458.1,1458.7,x
1458.84,1459.42,x
1459.57,1460.07,x
1460.22,1460.79,x
1460.99,1461.61,x
1461.76,1462.28,x
1462.48,1463.07,x
1463.33,1463.77,x
1464.3,1464.83,x
1465.02,1465.69,x
1465.77,1466.46,x
1466.58,1467.17,x
1467.47,1467.99,x
1468.01,1468.33,b
1468.52,1469.05,x
1469.25,1469.83,x
1469.92,1470.48,x
1470.65,1471.16,c
1471.35,1471.95,x
1472.06,1472.69,x
1472.85,1473.48,x
1473.66,1474.0,x
1473.7,1474.09,x
1474.44,1474.9,x
1475.2,1475.68,x
1475.94,1476.32,x
1476.8,1477.25,x
1477.83,1478.12,b
1478.73,1479.21,x
1479.5,1479.97,x
1480.28,1480.75,x
1481.06,1481.51,x
1481.92,1482.21,c
1482.6,1482.91,c
1483.27,1483.66,x
1484.03,1484.26,c
1484.72,1485.14,x
1485.5,1485.94,x
1486.35,1486.77,x
1487.48,1487.76,c
1488.04,1488.47,x
1488.85,1489.25,x
1489.66,1490.06,x
1490.38,1490.8,x
1491.1,1491.54,x
1491.86,1492.45,x
1492.73,1493.06,c
1493.35,1493.72,c
1494.08,1494.36,c
1494.73,1495.01,c
1495.36,1495.67,c
1496.05,1496.34,c
1496.69,1497.0,c
1497.34,1497.66,c
1497.96,1498.26,c
1498.56,1498.88,c
1499.1,1499.48,c
1499.8,1500.15,c
1500.87,1501.2,b
1501.95,1502.31,b
1502.61,1502.99,b
1503.26,1503.66,b
1504.1,1504.58,x
1504.87,1505.34,x
1505.65,1505.96,c
1506.31,1506.8,x
1507.37,1507.74,b
1508.09,1508.53,x
1508.85,1509.24,x
1509.54,1509.86,c
1510.24,1510.72,x
1510.99,1511.39,x
1511.66,1512.09,x
1512.37,1512.81,x
1513.16,1513.63,x
1513.88,1514.33,x
1514.89,1515.32,x
1515.67,1516.0,c
1516.37,1516.69,c
1517.05,1517.35,c
1517.66,1518.01,c
1518.31,1518.66,c
1518.91,1519.31,c
1519.66,1520.11,x
1520.49,1520.77,b
1521.09,1521.62,x
1522.12,1522.56,b
1522.95,1523.3,b
1523.7,1524.04,b
1524.38,1524.69,b
1525.09,1525.56,x
1525.8,1526.29,x
1526.53,1526.98,x
1527.53,1528.0,x
1528.3,1528.74,x
1529.17,1529.64,x
1529.96,1530.45,x
1530.85,1531.28,b
1531.54,1531.86,c
1532.15,1532.48,c
1532.72,1533.08,c
1533.38,1533.77,x
1534.13,1534.67,x
1534.9,1535.34,x
1535.74,1536.12,x
1536.33,1536.75,x
1537.14,1537.52,x
1537.88,1538.34,x
1538.61,1539.07,x
1539.33,1539.81,x
1540.21,1540.7,x
1541.09,1541.34,c
1541.73,1542.01,b
1542.38,1542.71,c
1543.05,1543.55,x
1543.88,1544.19,c
1544.52,1545.07,x
1545.37,1545.81,x
1546.12,1546.54,x
1546.86,1547.39,x
1548.33,1548.66,c
1549.01,1549.3,c
1549.72,1550.02,c
1550.51,1550.8,c
1551.55,1551.86,c
1552.2,1552.55,c
1552.86,1553.2,c
1553.49,1553.81,c
1554.18,1554.5,c
1554.89,1555.18,c
1559.3,1559.66,c
1559.83,1560.28,c
1560.53,1560.99,c
1561.86,1562.19,b
1562.98,1563.25,b
1563.57,1563.83,b
1564.2,1564.55,b
1564.94,1565.32,b
1565.64,1565.95,b
1566.52,1566.78,b
1567.14,1567.41,b
1567.76,1568.14,x
1568.45,1568.88,x
1569.19,1569.57,x
1569.8,1570.23,x
1570.59,1570.95,x
1571.26,1571.71,x
1572.01,1572.41,x
1572.8,1573.17,x
1573.54,1573.97,x
1574.31,1574.73,x
1575.03,1575.35,c
1575.62,1576.06,x
1576.38,1576.82,x
1577.08,1577.37,c
1577.68,1578.07,x
1578.35,1578.64,c
1578.94,1579.22,c
1579.57,1579.98,x
1580.32,1580.74,x
1581.04,1581.48,x
1582.14,1582.62,x
1582.89,1583.3,x
1583.6,1583.86,c
1584.23,1584.57,x
1584.82,1585.22,x
1585.53,1585.8,c
1586.12,1586.5,x
1586.77,1587.08,c
1587.49,1587.95,x
1588.28,1588.78,x
1589.28,1589.61,b
1589.92,1590.32,b
1590.6,1591.03,x
1591.32,1591.59,c
1591.96,1592.27,c
1592.63,1593.01,x
1593.5,1593.84,x
1594.03,1594.61,c
1594.61,1595.15,c
1595.15,1595.69,c
1595.76,1596.36,c
1596.51,1597.07,c
1597.16,1597.72,c
1597.72,1598.26,c
1598.4,1598.98,b
1599.07,1599.68,b
1599.84,1600.36,b
1600.42,1600.9,b
1601.08,1601.74,x
1601.78,1602.48,x
1602.59,1603.34,x
1603.5,1604.21,x
1604.28,1604.88,x
1604.98,1605.59,x
1605.75,1606.43,x
1606.6,1607.14,c
1607.27,1607.84,x
1607.92,1608.57,x
1608.57,1609.3,x
1609.39,1609.94,x
1610.01,1610.52,c
1610.64,1611.29,b
1611.37,1611.91,x
1611.98,1612.66,x
1612.77,1613.23,c
1613.36,1614.01,x
1614.21,1614.73,x
1614.84,1615.46,x
1615.63,1616.23,x
1616.63,1617.31,c
1617.31,1617.86,x
1618.06,1618.67,x
1618.67,1619.48,x
1619.52,1620.01,c
1620.16,1620.75,x
1621.07,1621.74,b
1621.74,1622.5,x
1622.74,1623.32,x
1623.47,1624.07,x
1624.25,1624.77,b
1624.96,1625.41,b
1625.78,1626.39,x
1626.52,1627.11,x
1627.28,1627.84,x
1628.05,1628.65,x
1628.82,1629.33,c
1629.5,1630.23,x
1630.35,1631.05,b
1631.24,1631.84,x
1632.1,1632.68,x
1632.78,1633.48,x
1633.6,1634.24,x
1634.32,1634.93,c
1634.93,1635.67,x
1635.67,1636.38,x
1636.44,1636.94,c
1637.0,1637.62,c
1637.62,1638.17,c
1638.17,1638.7,c
1638.85,1639.56,x
1640.03,1640.53,x
1640.59,1641.36,x
1641.36,1642.1,x
1642.1,1642.77,x
1643.18,1643.66,b
1643.83,1644.48,x
1644.48,1645.24,x
1645.53,1646.27,x
1646.27,1646.95,x
1647.17,1647.73,x
1648.1,1648.78,x
1648.78,1649.53,x
1649.89,1650.49,x
1650.66,1651.29,x
1651.93,1652.39,b
1652.51,1653.08,x
1653.13,1653.64,c
1653.79,1654.54,x
1654.68,1655.14,x
1655.24,1655.84,x
1655.96,1656.57,x
1656.62,1657.31,x
1657.47,1658.0,c
1658.15,1658.73,b
1658.83,1659.38,x
1659.57,1660.18,x
1660.36,1661.0,x
1661.13,1661.68,x
1661.87,1662.44,x
1662.58,1663.19,x
1663.37,1663.98,x
1663.98,1664.78,x
1665.25,1665.75,b
1665.88,1666.33,c
1666.46,1666.99,c
1667.14,1667.66,c
1667.76,1668.33,c
1668.37,1668.95,c
1669.03,1669.57,c
1669.66,1670.12,c
1670.33,1670.91,x
1670.91,1671.64,x
1671.71,1672.39,x
1672.51,1673.12,x
1673.21,1673.91,x
1674.49,1674.92,b
1675.22,1675.81,x
1675.94,1676.52,x
1676.62,1677.36,x
1677.4,1677.96,x
1678.23,1678.67,c
1678.9,1679.32,b
1679.41,1679.98,c
1680.08,1680.61,c
1680.69,1681.22,c
1681.37,1681.88,c
1681.95,1682.56,c
1682.63,1683.14,c
1683.21,1683.68,c
1683.86,1684.36,c
1684.43,1684.99,c
1685.34,1685.8,b
1686.19,1686.73,b
1686.88,1687.3,b
1687.51,1688.05,b
1688.44,1689.02,b
1689.17,1689.61,b
1690.09,1690.58,b
1690.71,1691.24,c
1691.4,1692.06,x
1692.16,1692.65,c
1692.76,1693.32,x
1693.42,1694.03,x
1694.18,1694.78,x
1694.94,1695.48,x
1695.76,1696.51,x
1696.76,1697.37,x
1697.51,1698.19,x
1698.19,1698.91,x
1699.22,1699.83,x
1699.83,1700.51,x
1700.62,1701.11,c
1701.21,1701.84,x
1701.92,1702.49,x
1702.58,1703.14,x
1703.34,1703.98,x
1704.15,1704.8,x
1704.89,1705.52,x
1705.7,1706.31,x
1706.39,1707.1,x
1707.19,1707.77,x
1707.92,1708.5,x
1708.55,1709.08,c
1709.21,1709.7,c
1709.82,1710.38,c
1710.55,1711.11,x
1711.29,1711.95,x
1712.08,1712.56,x
1712.81,1713.31,x
1713.56,1714.2,x
1714.86,1715.45,x
1715.66,1716.24,x
1716.48,1717.01,x
1717.16,1717.77,x
1717.9,1718.44,x
1718.68,1719.29,x
1719.46,1720.08,x
1720.23,1720.88,x
1721.2,1721.64,c
1721.83,1722.47,x
1722.47,1723.07,x
1723.25,1723.96,x
1724.1,1724.72,x
1724.9,1725.42,x
1725.53,1726.21,x
1726.32,1727.01,x
1727.01,1727.52,c
1727.61,1728.12,b
1728.29,1728.99,x
1729.09,1729.71,x
1729.84,1730.4,x
1730.53,1731.12,x
1731.3,1731.9,x
1732.01,1732.47,c
1732.62,1733.16,x
1733.24,1733.91,x
1734.02,1734.75,x
1734.79,1735.4,x
1735.51,1736.22,x
1736.28,1736.98,x
1737.64,1738.17,c
1738.32,1738.91,x
1739.06,1739.64,x
1739.75,1740.43,x
1740.56,1741.24,x
1741.29,1741.98,x
1742.14,1742.64,b
1742.76,1743.39,x
1743.43,1744.16,x
1744.3,1744.96,x
1745.32,1745.95,x
1746.07,1746.67,x
1746.82,1747.42,x
1747.42,1748.15,x
1748.15,1748.86,x
1748.93,1749.52,x
1749.72,1750.24,b
1750.35,1750.9,x
1751.09,1751.87,x
1751.87,1752.44,c
1752.51,1753.07,c
1753.17,1753.59,c
1753.68,1754.17,c
1754.42,1754.89,c
1755.1,1755.55,c
1755.74,1756.31,c
1756.45,1757.1,x
1757.42,1757.92,b
1758.07,1758.72,x
1758.77,1759.37,b
1759.57,1760.14,x
1760.25,1760.92,x
1761.22,1761.72,b
1761.89,1762.47,x
1762.66,1763.25,x
1763.39,1763.98,x
1764.24,1764.73,b
1764.91,1765.48,x
1765.7,1766.29,x
1766.53,1767.08,x
1767.22,1767.9,x
1767.95,1768.66,x
1768.74,1769.53,x
1769.6,1769.93,b
1770.17,1770.76,x
1770.98,1771.54,x
1771.73,1772.23,c
1772.37,1772.94,x
1773.16,1773.69,x
1773.9,1774.45,x
1774.57,1775.26,x
1775.47,1775.94,x
1776.16,1776.84,x
1776.84,1777.62,x
1777.82,1778.55,x
1778.55,1779.14,x
1779.33,1780.03,x
1780.03,1780.67,x
1780.89,1781.58,x
1781.61,1782.45,x
1782.67,1783.25,b
1783.41,1783.93,x
1784.04,1784.77,x
1784.88,1785.43,x
1785.62,1786.17,x
1786.33,1786.96,x
1787.09,1787.74,x
1787.74,1788.41,x
1788.49,1789.2,x
1789.25,1789.98,x
1790.07,1790.61,x
1790.78,1791.42,x
1791.51,1792.14,x
1792.38,1793.07,x
1793.19,1793.64,x
1793.87,1794.43,b
1794.8,1795.58,x
1795.58,1796.19,x
1796.47,1797.06,x
1797.26,1797.88,x
1798.05,1798.55,x
1798.73,1799.38,x
1799.55,1800.18,x
1800.31,1801.01,x
1801.16,1801.75,x
1801.92,1802.36,c
1802.44,1803.24,x
1803.42,1803.99,c
1804.17,1804.65,c
1804.81,1805.42,c
1805.42,1806.04,c
1806.04,1806.57,c
1806.57,1807.13,c
1807.13,1807.77,c
1807.77,1808.5,c
1809.34,1809.93,c
1809.93,1810.44,c
1810.44,1811.1,c
1811.1,1811.71,c
1811.71,1812.25,c
1812.25,1812.83,c
1812.83,1813.44,c
1813.44,1814.0,c
1814.0,1814.71,c
1814.71,1815.3,c
1815.3,1815.95,c
1817.48,1818.04,b
1818.04,1818.67,b
1818.67,1819.3,b
1819.3,1819.94,b
1820.33,1820.84,b
1821.06,1821.67,x
1821.9,1822.43,b
1822.63,1823.18,x
1823.39,1823.99,x
1824.26,1824.89,b
1824.89,1825.5,b
1825.67,1826.2,b
1826.35,1826.99,x
1827.04,1827.68,c
1827.68,1828.35,b
1828.42,1829.09,x
1829.22,1829.74,x
1829.8,1830.4,c
1830.5,1831.16,x
1831.38,1831.89,b
1832.02,1832.69,x
1832.84,1833.5,x
1833.5,1834.14,x
1834.14,1834.81,x
1834.96,1835.62,x
1835.83,1836.36,x
1836.55,1837.11,c
1837.28,1837.8,x
1838.0,1838.4,c
1838.83,1839.46,x
1839.46,1840.21,x
1840.21,1840.86,x
1841.07,1841.7,x
1841.85,1842.36,x
1842.59,1843.2,x
1843.29,1843.94,x
1844.05,1844.72,x
1844.79,1845.41,x
1845.5,1846.14,x
1846.26,1846.82,x
1846.99,1847.78,x
1848.1,1848.41,b
1848.68,1849.31,x
1849.45,1850.03,x
1850.31,1850.9,x
1851.01,1851.65,x
1851.84,1852.42,x
1852.59,1853.07,c
1853.26,1853.77,x
1853.95,1854.55,x
1854.69,1855.18,x
1855.43,1856.05,x
1856.21,1856.95,x
1857.12,1857.61,b
1858.09,1858.89,x
1858.89,1859.55,x
1859.61,1860.27,c
1860.4,1860.94,c
1861.08,1861.65,c
1861.75,1862.28,c
1862.44,1862.95,c
1863.11,1863.69,c
1863.72,1864.21,c
1864.38,1864.91,c
1865.11,1865.61,c
1865.72,1866.27,c
1866.27,1866.9,c
1867.0,1867.6,c
1868.47,1868.87,b
1870.47,1870.91,b
1871.2,1871.75,b
1871.81,1872.46,b
1872.55,1873.08,b
1873.25,1873.84,b
1873.94,1874.62,b
1874.98,1875.71,x
1875.71,1876.11,c
1876.28,1876.84,c
1877.01,1877.54,x
1877.67,1878.2,x
1878.38,1878.96,x
1879.01,1879.65,x
1879.82,1880.43,x
1880.52,1881.16,x
1881.26,1881.8,c
1882.47,1883.16,x
1883.28,1883.9,x
1884.09,1884.68,x
1884.72,1885.41,x
1885.41,1886.04,x
1886.33,1886.83,c
1887.0,1887.44,b
1887.58,1888.09,c
1888.09,1888.76,x
1888.76,1889.43,x
1889.58,1890.14,x
1890.27,1890.99,x
1891.07,1891.69,x
1892.12,1892.61,x
1892.83,1893.36,x
1893.45,1894.0,x
1894.28,1894.76,x
1895.01,1895.47,x
1895.77,1896.2,x
1896.74,1897.01,b
1897.36,1897.85,x
1898.11,1898.48,x
1898.74,1899.19,x
1899.53,1899.91,x
1900.27,1900.5,c
1900.9,1901.39,x
1901.69,1902.09,x
1902.55,1902.96,x
1903.24,1903.53,c
1903.89,1904.24,x
1904.56,1904.86,c
1905.18,1905.51,x
1905.86,1906.26,x
1906.46,1906.84,c
1907.16,1907.55,x
1907.91,1908.35,x
1908.59,1908.91,c
1909.67,1910.1,x
1910.34,1910.83,x
1911.08,1911.59,x
1911.82,1912.21,x
1912.54,1912.97,x
1913.33,1913.6,c
1913.98,1914.34,x
1914.69,1915.45,x
1915.78,1916.06,b
1916.38,1916.94,x
1917.17,1917.56,x
1917.85,1918.22,x
1918.48,1918.94,c
1919.1,1919.38,b
1919.67,1920.11,x
1920.47,1920.86,x
1921.13,1921.63,x
1921.9,1922.35,x
1922.63,1923.06,x
1923.29,1923.88,x
1924.11,1924.64,x
1924.85,1925.33,x
1925.6,1926.02,x
1926.28,1926.75,x
1926.99,1927.45,x
1927.77,1928.18,x
1928.54,1928.98,x
1929.31,1929.65,c
1929.94,1930.23,c
1930.62,1930.95,c
1931.25,1931.66,x
1932.01,1932.49,x
1932.76,1933.27,x
1933.54,1933.89,x
1934.24,1934.73,x
1935.0,1935.52,x
1935.66,1936.17,x
1936.66,1937.08,b
1937.67,1938.13,x
1938.27,1938.73,x
1938.95,1939.3,c
1939.62,1940.04,x
1940.3,1940.71,c
1941.0,1941.47,x
1941.77,1942.04,b
1942.39,1942.81,x
1943.06,1943.64,x
1943.88,1944.41,x
1944.73,1945.08,x
1945.33,1945.78,x
1946.06,1946.64,x
1946.92,1947.43,x
1947.54,1948.07,x
1948.34,1948.91,x
1949.05,1949.66,x
1949.81,1950.39,x
1950.5,1950.77,c
1951.05,1951.6,x
1951.84,1952.33,x
1952.57,1953.09,x
1953.52,1954.1,x
1954.44,1954.96,x
1955.17,1955.65,x
1955.88,1956.34,x
1956.54,1957.09,x
1957.78,1958.25,x
1958.54,1958.89,x
1959.26,1959.88,x
1960.12,1960.64,x
1960.9,1961.26,c
1961.54,1961.92,c
1962.25,1962.69,c
1962.93,1963.27,c
1963.59,1963.86,c
1964.18,1964.56,c
1964.85,1965.23,c
1965.51,1965.81,c
1966.07,1966.46,c
1966.78,1967.19,c
1967.5,1967.82,b
1968.2,1968.62,b
1968.82,1969.25,b
1969.53,1970.0,b
1970.24,1970.71,b
1971.01,1971.33,b
1971.68,1972.0,b
1972.62,1972.98,c
1973.28,1973.78,x
1974.11,1974.54,b
1974.8,1975.13,b
1975.53,1975.84,b
1976.06,1976.67,x
1976.88,1977.45,x
1977.7,1978.22,x
1978.63,1979.21,x
1979.4,1979.93,c
1980.15,1980.66,x
1981.09,1981.78,x
1981.93,1982.24,c
1982.52,1982.94,c
1983.33,1983.78,c
1983.97,1984.39,c
1984.59,1985.11,x
1985.25,1985.77,x
1985.91,1986.45,x
1986.77,1987.37,x
1987.59,1988.04,b
1988.27,1988.75,x
1989.31,1989.67,c
1990.08,1990.44,b
1990.67,1991.17,x
1991.39,1991.94,x
1992.19,1992.75,x
1992.91,1993.48,x
1993.7,1994.22,x
1994.42,1994.92,x
1995.14,1995.64,x
1995.9,1996.43,x
1996.89,1997.41,b
1997.6,1998.19,x
1998.39,1998.89,x
1999.1,1999.8,x
2000.14,2000.5,c
2000.82,2001.32,x
2001.47,2002.05,x
2002.26,2002.85,x
2003.09,2003.53,c
2003.78,2004.09,c
2004.36,2004.78,c
2005.03,2005.32,c
2005.56,2005.87,c
2006.29,2006.7,b
2006.94,2007.42,x
2007.7,2008.17,x
2008.52,2009.07,x
2009.42,2009.74,b
2010.29,2010.83,x
2011.1,2011.42,b
2011.74,2012.26,x
2012.51,2012.96,b
2013.28,2013.56,c
2014.23,2014.56,c
2014.83,2015.09,c
2015.46,2015.72,c
2016.14,2016.7,x
2016.95,2017.41,x
2017.63,2017.98,c
2018.73,2019.1,b
2019.59,2020.08,b
2020.24,2020.67,b
2020.88,2021.52,x
2022.04,2022.43,c
2022.76,2023.33,x
2023.5,2023.99,x
2024.24,2024.47,c
2024.83,2025.31,b
2025.55,2026.0,x
2026.18,2026.64,x
2026.9,2027.33,x
2027.62,2028.15,x
2028.4,2028.85,x
2029.13,2029.67,x
2029.89,2030.44,x
2030.61,2031.17,x
2031.43,2031.75,c
2032.11,2032.65,x
2032.92,2033.19,b
2033.51,2034.03,x
2034.77,2035.36,x
2035.62,2036.06,x
2036.43,2036.75,b
2036.91,2037.46,x
2037.72,2038.25,x
2038.34,2038.91,x
2039.39,2039.75,x
2040.07,2040.61,x
2040.82,2041.43,x
2041.7,2042.07,x
2042.35,2042.82,x
2043.17,2043.59,c
2043.8,2044.26,x
2044.46,2044.78,c
2044.93,2045.29,c
2045.6,2046.17,x
2046.4,2046.94,x
2047.14,2047.6,x
2047.89,2048.3,x
2048.82,2049.33,x
2049.55,2050.03,x
2050.3,2050.69,x
2051.06,2051.5,x
2051.82,2052.25,x
2052.43,2052.73,c
2053.06,2053.51,x
2053.81,2054.31,x
2054.53,2055.06,x
2055.33,2055.74,x
2055.95,2056.3,c
2056.57,2056.91,c
2057.13,2057.54,c
2057.89,2058.35,x
2058.63,2059.04,x
2059.26,2059.75,x
2059.96,2060.55,x
2061.06,2061.37,b
2061.72,2062.15,b
2062.45,2062.87,x
2063.24,2063.7,x
2064.36,2064.68,x
2065.04,2065.45,x
2065.67,2065.97,c
2066.3,2066.82,x
2067.14,2067.6,x
2067.76,2068.03,b
2068.46,2068.73,c
2069.05,2069.58,x
2069.88,2070.18,c
2070.55,2070.84,c
2071.13,2071.44,c
2071.74,2072.06,c
2072.34,2072.65,c
2072.98,2073.24,c
2073.59,2074.02,c
2074.27,2074.55,c
2074.93,2075.14,c
2075.51,2075.83,c
2076.13,2076.45,c
2076.78,2077.05,c
2077.41,2077.75,c
2077.99,2078.37,c
2078.71,2078.96,c
2079.33,2079.63,c
2079.98,2080.23,c
2080.55,2080.95,c
2086.87,2087.22,b
2088.2,2088.47,b
2088.89,2089.15,b
2089.71,2089.92,b
2090.35,2090.77,b
2091.0,2091.35,b
2091.8,2092.04,b
2092.5,2092.79,b
2093.44,2093.91,x
2094.22,2094.62,x
2094.87,2095.32,x
2095.52,2095.99,x
2096.24,2096.51,c
2096.85,2097.17,x
2097.45,2097.97,x
2098.22,2098.67,x
2098.92,2099.38,x
2099.62,2100.11,x
2100.25,2100.69,c
2100.87,2101.3,x
2101.58,2102.0,x
2102.33,2102.88,x
2103.23,2103.52,c
2103.92,2104.36,x
2104.54,2104.86,c
2105.17,2105.68,x
2105.94,2106.55,x
2106.91,2107.23,b
2107.53,2108.05,x
2108.3,2108.74,x
2108.99,2109.53,x
2109.79,2110.2,x
2110.52,2110.98,x
2111.35,2111.76,x
2112.06,2112.42,x
2112.75,2113.3,x
2113.54,2114.02,x
2114.32,2114.83,x
2115.12,2115.6,x
2116.17,2116.69,x
2116.9,2117.42,x
2117.91,2118.45,x
2118.65,2119.22,x
2119.33,2119.89,c
2119.99,2120.3,c
2120.54,2121.1,c
2122.25,2122.77,x
2122.94,2123.38,x
2123.72,2124.25,x
2124.94,2125.22,b
2125.58,2126.02,x
2126.36,2126.65,c
2126.99,2127.36,b
2127.59,2128.12,x
2128.54,2128.88,c
2129.47,2130.08,b
2130.31,2130.77,x
2130.94,2131.46,x
2131.65,2132.09,x
2132.35,2132.89,x
2133.2,2133.55,b
2133.82,2134.25,x
2134.58,2135.04,x
2135.26,2135.75,x
2136.03,2136.61,x
2136.81,2137.28,x
2137.49,2137.9,c
2138.18,2138.65,x
2138.9,2139.39,x
2139.67,2140.26,x
2140.52,2140.9,c
2141.1,2141.69,x
2141.94,2142.34,x
2142.67,2143.14,x
2143.49,2143.91,x
2144.21,2144.69,x
2144.91,2145.42,x
2145.68,2146.16,x
2146.32,2146.94,x
2147.13,2147.55,x
2148.17,2148.65,x
2149.26,2149.61,b
2149.89,2150.39,x
2150.69,2151.04,c
2151.38,2151.84,x
2152.08,2152.6,x
2152.9,2153.4,x
2153.64,2153.99,c
2154.33,2154.63,b
2154.92,2155.44,x
2156.04,2156.3,c
2156.6,2157.05,x
2157.35,2157.64,c
2157.94,2158.29,c
2158.6,2159.13,x
2159.37,2159.8,x
2160.17,2160.71,x
2160.8,2161.4,x
2161.64,2162.15,x
2162.4,2162.9,x
2163.64,2164.05,c
2164.45,2165.01,x
2165.32,2165.72,x
2166.13,2166.63,x
2166.98,2167.38,x
2167.68,2168.07,c
2168.36,2168.82,x
2169.15,2169.58,x
2170.04,2170.31,c
2170.59,2171.17,x
2171.45,2171.89,x
2172.08,2172.48,c
2172.7,2173.03,c
2173.29,2173.83,x
2174.07,2174.42,c
2174.72,2175.08,b
2175.42,2175.85,x
2176.41,2176.77,b
2177.17,2177.42,b
2177.74,2178.22,x
2178.85,2179.29,x
2179.59,2180.11,x
2180.35,2180.86,x
2181.06,2181.41,c
2181.66,2181.99,b
2182.3,2182.74,c
2183.01,2183.24,c
2183.57,2183.88,c
2184.19,2184.52,c
2184.78,2185.5,x
2185.64,2186.18,x
2186.99,2187.32,b
2187.76,2188.34,x
2188.61,2189.13,x
2189.43,2189.74,b
2190.15,2190.57,x
2190.74,2191.35,x
2191.52,2191.91,c
2192.1,2192.61,x
2192.78,2193.43,x
2193.63,2194.2,x
2194.52,2194.89,b
2195.2,2195.82,x
2196.04,2196.5,x
2196.95,2197.43,x
2197.75,2198.11,c
2198.41,2198.82,c
2199.1,2199.33,c
2199.73,2199.96,c
2200.31,2200.61,c
2200.92,2201.26,c
2201.55,2201.9,c
2202.58,2203.02,b
2203.42,2203.88,b
2204.23,2204.7,b
2204.93,2205.26,b
2205.57,2205.95,b
2206.46,2206.66,b
2207.1,2207.66,x
2207.98,2208.51,x
2208.85,2209.06,b
2209.42,2209.83,x
2210.11,2210.74,x
2211.18,2211.7,x
2212.05,2212.5,x
2212.75,2213.27,x
2213.58,2214.08,x
2214.43,2214.92,x
2215.17,2215.67,x
2215.93,2216.29,x
2216.63,2217.12,x
2217.37,2217.76,c
2217.93,2218.44,x
2218.72,2219.12,x
2219.46,2220.07,x
2220.33,2220.53,b
2220.87,2221.38,x
2222.19,2222.67,x
2222.82,2223.06,b
2223.36,2223.95,x
2224.19,2224.59,x
2224.91,2225.39,x
2225.78,2226.11,c
2226.48,2226.91,x
2227.22,2227.52,c
2227.91,2228.26,c
2228.55,2228.91,c
2229.2,2229.54,c
2229.89,2230.27,c
2230.62,2230.98,c
2231.3,2231.65,c
2232.03,2232.36,c
2232.71,2233.02,c
2233.23,2233.72,c
2234.06,2234.42,c
2234.69,2235.12,c
2235.38,2235.76,c
2236.16,2236.52,c
2238.93,2239.22,b
2240.09,2240.34,b
2240.71,2240.95,b
2241.68,2241.94,b
2242.84,2243.09,b
2243.4,2243.72,c
2243.98,2244.32,c
2244.63,2244.95,c
2245.8,2246.07,b
2246.42,2246.8,x
2247.17,2247.6,x
2247.81,2248.1,c
2248.38,2248.73,c
2249.44,2249.82,c
2250.15,2250.47,b
2250.64,2251.03,c
2251.29,2251.68,c
2251.96,2252.37,x
2253.02,2253.43,c
2254.0,2254.16,b
2254.79,2255.02,b
2255.51,2256.06,x
2256.28,2256.67,c
2256.94,2257.25,c
2257.62,2258.07,x
2259.06,2259.43,b
2259.74,2260.06,b
2260.53,2260.82,b
2261.19,2261.73,x
2262.33,2262.61,b
2262.98,2263.48,x
2263.74,2264.22,x
2264.41,2264.72,c
2265.01,2265.59,x
2265.85,2266.21,b
2266.62,2267.0,b
2267.28,2267.78,x
2268.02,2268.49,x
2268.72,2269.11,c
2269.39,2269.91,x
2270.18,2270.64,x
2270.96,2271.41,x
2271.66,2272.1,x
2272.38,2272.81,x
2273.01,2273.59,x
2273.8,2274.27,x
2274.54,2275.06,x
2275.87,2276.22,c
2276.39,2276.71,c
2277.0,2277.41,c
2277.73,2278.0,b
2278.21,2278.58,b
2278.79,2279.08,b
2279.29,2279.65,b
2279.9,2280.21,c
2280.44,2280.79,c
2282.16,2282.59,c
2282.88,2283.34,x
2283.55,2283.93,c
2284.93,2285.24,b
2286.35,2286.6,b
2287.02,2287.24,b
2287.72,2288.01,b
2288.34,2288.77,x
2289.02,2289.48,x
2289.84,2290.24,b
2290.51,2290.97,x
2291.23,2291.73,x
2291.97,2292.53,x
2292.73,2293.28,x
2293.74,2294.01,b
2294.37,2294.8,x
2295.09,2295.58,x
2295.78,2296.18,x
2296.47,2296.91,x
2297.28,2297.6,c
2297.88,2298.36,x
2298.59,2299.17,x
2299.37,2299.82,x
2300.09,2300.52,x
2300.88,2301.32,x
2301.59,2302.13,x
2302.41,2302.92,x
2303.22,2303.59,c
2303.81,2304.4,x
2304.56,2305.06,x
2305.23,2305.79,x
2306.71,2307.07,b
2307.22,2307.48,b
2307.77,2308.23,x
2308.5,2308.91,x
2309.18,2309.65,x
2309.83,2310.26,c
2310.5,2311.02,x
2311.21,2311.66,x
2311.96,2312.47,x
2312.74,2313.25,x
2313.52,2314.05,x
2314.36,2314.8,x
2315.05,2315.53,x
2315.98,2316.45,x
2316.82,2317.13,c
2317.38,2317.77,x
2318.11,2318.62,x
2318.92,2319.27,c
2319.56,2320.08,x
2320.22,2320.48,b
2320.78,2321.32,x
2321.47,2322.02,x
2322.27,2322.68,x
2323.0,2323.46,x
2323.74,2324.29,x
2324.52,2324.87,c
2325.17,2325.5,c
2325.85,2326.31,x
2326.53,2327.03,x
2327.3,2327.74,x
2327.97,2328.31,c
2328.65,2329.16,x
2329.36,2329.86,x
2330.38,2330.65,b
2331.03,2331.45,x
2331.7,2332.25,x
2332.31,2332.61,b
2332.92,2333.42,x
2333.6,2334.21,x
2334.39,2334.95,x
2335.17,2335.67,x
2336.04,2336.31,c
2336.66,2336.98,c
2337.32,2337.65,c
2337.97,2338.32,c
2338.59,2338.99,c
2339.27,2339.55,c
2339.96,2340.26,c
2340.59,2340.96,c
2341.64,2341.91,b
2342.22,2342.67,x
2342.99,2343.28,c
2343.92,2344.31,b
2344.5,2344.79,c
2345.22,2345.43,b
2345.99,2346.24,b
2346.6,2346.97,c
2348.08,2348.54,x
2348.82,2349.27,x
2349.57,2349.87,c
2350.19,2350.7,x
2350.91,2351.4,x
2351.64,2351.94,c
2352.51,2352.84,b
2353.14,2353.43,b
2354.16,2354.6,x
2354.78,2355.2,c
2355.41,2355.76,c
2356.04,2356.52,x
2356.83,2357.33,x
2357.92,2358.19,b
2358.54,2358.91,c
2359.16,2359.57,c
2359.77,2360.31,x
2360.58,2361.1,x
2361.46,2361.7,b
2362.25,2362.51,b
2363.6,2363.9,b
2364.26,2364.68,x
2364.84,2365.1,c
2365.42,2365.74,c
2366.4,2366.73,c
2366.9,2367.45,x
2367.76,2368.33,x
2368.6,2368.92,x
2369.31,2369.83,x
2370.11,2370.52,b
2370.72,2371.21,x
2371.48,2371.99,x
2372.23,2372.72,b
2373.31,2373.83,x
2374.11,2374.72,x
2375.04,2375.58,x
2375.83,2376.3,x
2376.54,2377.0,x
2377.35,2377.72,b
2378.26,2378.78,x
2379.08,2379.4,c
2379.77,2380.31,x
2380.87,2381.44,x
2381.69,2382.11,x
2382.4,2382.84,x
2383.15,2383.67,x
2383.95,2384.38,b
2384.66,2385.1,x
2385.38,2385.89,x
2386.4,2386.77,c
2387.22,2387.51,c
2387.83,2388.16,c
2388.5,2388.77,c
2389.08,2389.42,c
2389.81,2390.3,x
2390.58,2390.86,c
2391.52,2391.85,c
2392.21,2392.72,x
2392.98,2393.45,x
2393.73,2394.25,x
2394.8,2395.11,b
2395.38,2395.81,x
2396.1,2396.54,x
2397.0,2397.68,x
2398.08,2398.42,c
2398.7,2399.03,c
2399.35,2399.9,x
2400.13,2400.6,x
2401.03,2401.48,c
2401.67,2402.35,x
2402.55,2403.01,b
2403.61,2403.98,b
2404.4,2404.7,b
2405.08,2405.39,b
2405.67,2406.26,x
2406.52,2406.82,c
2407.27,2407.5,b
2407.76,2408.3,x
2408.55,2409.03,x
2409.21,2409.6,c
2409.86,2410.37,x
2410.59,2410.92,c
2411.13,2411.57,c
2411.94,2412.4,x
2412.91,2413.45,x
2413.78,2414.24,x
2414.4,2414.66,b
2414.99,2415.41,x
2415.64,2416.2,x
2416.45,2417.11,x
2417.39,2417.78,x
2418.07,2418.61,x
2418.8,2419.08,c
2419.42,2419.8,c
2420.1,2420.58,x
2420.8,2421.31,x
2421.58,2422.12,x
2422.33,2422.67,c
2422.94,2423.52,x
2424.04,2424.46,b
2424.76,2425.25,x
2425.46,2425.93,x
2426.27,2426.74,x
2427.06,2427.34,b
2427.89,2428.37,x
2428.6,2429.17,x
2429.45,2429.78,b
2430.06,2430.43,c
2431.09,2431.6,x
2431.83,2432.28,x
2432.5,2433.01,x
2433.15,2433.58,c
2433.8,2434.18,c
2434.4,2434.83,x
2435.13,2435.46,c
2436.33,2436.54,b
2436.9,2437.27,c
2437.64,2438.06,x
2438.43,2438.82,x
2439.0,2439.44,x
2439.85,2440.23,c
2440.56,2440.9,b
2441.08,2441.44,c
2441.71,2442.09,c
2442.33,2442.7,c
2442.96,2443.33,b
2443.61,2443.99,c
2444.22,2444.5,c
2444.86,2445.27,x
2445.52,2445.89,c
2446.1,2446.45,c
2446.71,2447.08,c
2447.33,2447.69,c
2448.0,2448.37,c
2449.09,2449.53,b
2449.87,2450.27,b
2450.56,2451.06,x
2451.31,2451.76,x
2452.1,2452.29,b
2452.97,2453.42,x
2453.64,2454.11,x
2454.32,2454.76,x
2455.08,2455.53,x
2455.78,2456.35,x
2456.59,2456.92,b
2457.24,2457.77,x
2458.01,2458.55,x
2459.08,2459.55,x
2459.77,2460.25,x
2460.58,2461.02,x
2461.27,2461.73,x
2462.21,2462.77,x
2463.02,2463.38,c
2463.59,2464.07,x
2464.37,2464.85,x
2465.16,2465.63,x
2465.9,2466.5,x
2466.66,2467.15,x
2467.35,2467.78,c
2468.05,2468.65,x
2469.11,2469.52,x
2469.9,2470.39,x
2470.59,2470.89,c
2471.22,2471.52,c
2471.87,2472.37,x
2472.61,2473.05,x
2473.63,2474.06,b
2474.63,2474.91,b
2475.25,2475.63,c
2475.95,2476.4,x
2476.57,2476.95,c
2477.27,2477.8,x
2478.03,2478.31,c
2478.66,2479.21,x
2479.6,2480.12,x
2480.39,2480.9,x
2481.13,2481.55,x
2481.79,2482.06,c
2482.33,2482.76,x
2483.04,2483.46,x
2483.91,2484.28,b
2484.56,2485.05,x
2485.32,2485.65,c
2485.98,2486.31,c
2486.63,2487.0,c
2487.62,2488.05,c
2488.27,2488.93,x
2489.15,2489.79,x
2490.1,2490.37,b
2490.9,2491.5,x
2491.58,2492.02,c
2492.16,2492.62,c
2492.87,2493.45,x
2493.65,2494.16,x
2494.3,2494.66,c
2495.17,2495.62,c
2495.9,2496.33,c
2496.57,2496.98,c
2497.17,2497.64,c
2497.89,2498.26,c
2502.47,2503.01,c
2503.15,2503.64,c
2503.79,2504.27,c
2504.45,2504.83,c
2505.11,2505.51,c
2505.9,2506.27,c
2507.31,2507.76,c
2508.37,2508.74,b
2509.97,2510.3,b
2510.71,2511.1,b
2511.41,2511.73,b
2512.08,2512.52,b
2512.95,2513.25,b
2513.87,2514.37,b
2514.97,2515.48,b
2515.73,2516.12,c
2516.61,2517.16,x
2517.5,2517.82,b
2518.03,2518.56,x
2518.71,2519.17,x
2519.39,2519.61,c
2519.95,2520.3,b
2520.78,2521.18,b
2521.33,2521.67,b
2521.87,2522.33,c
2522.58,2523.03,x
2523.26,2523.74,x
2523.95,2524.47,x
2524.75,2525.18,b
2525.56,2525.88,b
2526.25,2526.59,b
2526.9,2527.36,x
2527.77,2528.01,b
2528.68,2529.12,x
2529.33,2529.91,x
2530.16,2530.7,x
2530.94,2531.32,x
2531.62,2532.07,x
2532.73,2533.28,x
2533.59,2533.85,b
2534.12,2534.65,x
2534.92,2535.48,x
2535.74,2536.08,c
2536.39,2536.69,b
2537.31,2537.8,x
2538.13,2538.5,c
2538.75,2539.18,c
2539.39,2539.74,c
2540.08,2540.45,c
2540.76,2541.22,c
2541.44,2541.87,c
2542.08,2542.44,c
2542.75,2543.2,c
2543.41,2543.74,c
2544.07,2544.49,c
2544.74,2545.2,c
2545.41,2545.92,c
2546.14,2546.62,c
2546.99,2547.34,c
2547.71,2548.21,c
2567.97,2568.68,c
2568.97,2569.68,c
2589.36,2590.36,c
2616.58,2617.02,b
2617.42,2617.81,b
2618.12,2618.53,b
2618.77,2619.48,b
2620.06,2620.55,x
2620.83,2621.22,c
2621.48,2621.95,x
2622.17,2622.5,c
2622.81,2623.25,c
2623.48,2623.79,c
2624.09,2624.46,c
2624.77,2625.26,x
2626.47,2626.83,x
2627.37,2627.88,x
2628.01,2628.41,c
2628.67,2629.01,c
2629.35,2629.68,c
2630.05,2630.38,b
2630.64,2631.02,c
2631.35,2631.87,c
2632.06,2632.41,c
2632.9,2633.18,b
2634.03,2634.25,b
2634.64,2635.06,x
2635.34,2635.79,x
2636.16,2636.64,x
2637.09,2637.54,b
2638.04,2638.35,b
2638.79,2639.08,b
2639.33,2639.76,c
2639.97,2640.48,x
2640.69,2641.13,x
2641.92,2642.17,b
2642.51,2643.08,x
2643.35,2643.76,b
2643.97,2644.4,c
2644.7,2645.26,x
2645.54,2646.05,x
2646.32,2646.75,x
2647.07,2647.58,x
2647.77,2648.3,x
2648.77,2649.1,b
2649.41,2649.9,x
2650.14,2650.66,x
2650.94,2651.48,x
2651.74,2652.31,x
2652.49,2652.98,c
2653.2,2653.66,x
2654.55,2654.97,c
2655.14,2655.71,x
2656.03,2656.62,x
2656.94,2657.42,x
2657.72,2658.35,x
2658.73,2659.26,x
2659.72,2660.3,x
2660.53,2660.91,c
2661.1,2661.73,x
2661.86,2662.44,x
2662.67,2663.12,x
2663.42,2663.98,x
2664.18,2664.7,x
2664.88,2665.42,x
2665.7,2666.25,x
2666.57,2667.15,x
2667.38,2667.86,c
2668.08,2668.52,x
2668.88,2669.61,x
2670.29,2670.78,x
2671.25,2671.64,b
2672.18,2672.63,c
2672.92,2673.38,c
2673.58,2674.1,x
2674.35,2674.74,c
2675.01,2675.54,x
2675.86,2676.19,c
2676.56,2676.87,b
2677.15,2677.85,x
2678.08,2678.58,x
2678.79,2679.31,x
2679.91,2680.31,b
2680.61,2681.2,x
2681.43,2681.88,x
2682.14,2682.5,c
2682.79,2683.31,x
2683.65,2684.05,x
2684.33,2684.81,x
2685.04,2685.58,x
2685.82,2686.27,x
2686.51,2687.11,x
2687.6,2687.91,b
2688.36,2688.77,b
2689.09,2689.52,x
2689.91,2690.34,x
2690.78,2691.35,x
2691.62,2692.07,x
2692.35,2692.79,x
2693.13,2693.68,x
2693.93,2694.4,x
2694.73,2695.18,x
2695.55,2695.95,x
2696.29,2696.65,c
2696.96,2697.33,b
2697.64,2698.12,x
2698.41,2698.92,x
2699.25,2699.77,x
2700.06,2700.4,c
2700.64,2701.06,x
2701.38,2701.81,x
2702.17,2702.63,x
2702.93,2703.4,x
2703.7,2704.16,x
2704.69,2705.22,x
2705.49,2705.87,x
2706.21,2706.78,x
2707.1,2707.58,x
2707.9,2708.3,x
2708.61,2709.08,x
2709.42,2709.9,x
2710.81,2711.17,b
2711.65,2711.95,b
2712.23,2712.61,c
2712.91,2713.36,x
2713.73,2714.12,x
2714.47,2714.98,x
2715.3,2715.68,x
2716.01,2716.37,c
2716.69,2717.27,x
2717.54,2717.91,c
2718.2,2718.63,x
2719.17,2719.55,b
2719.9,2720.51,x
2720.81,2721.15,x
2721.56,2722.0,x
2722.43,2722.9,x
2723.22,2723.61,x
2724.15,2724.38,b
2725.3,2725.88,x
2726.23,2726.6,x
2726.99,2727.42,c
2727.67,2728.18,x
2728.44,2728.99,x
2729.27,2729.58,b
2729.96,2730.53,x
2730.89,2731.31,x
2731.68,2732.01,c
2732.35,2732.79,x
2733.08,2733.52,x
2733.8,2734.04,b
2734.35,2734.79,x
2735.19,2735.7,x
2735.98,2736.47,x
2736.84,2737.15,c
2737.4,2737.91,x
2738.14,2738.71,c
2739.6,2739.93,b
2740.27,2740.61,c
2740.93,2741.5,x
2741.73,2742.3,x
2742.58,2743.06,x
2743.33,2743.77,c
2744.04,2744.44,c
2744.77,2745.16,c
2745.47,2745.83,c
2746.18,2746.52,c
2746.84,2747.18,c
2747.5,2747.89,c
2748.11,2748.44,c
2748.73,2749.07,c
2749.4,2749.78,c
2750.22,2750.5,c
2751.75,2752.1,b
2752.46,2752.73,b
2753.22,2753.62,b
2754.36,2754.66,b
2754.95,2755.39,c
2755.64,2756.16,x
2756.49,2756.81,c
2757.21,2757.54,b
2758.43,2759.06,c
2759.35,2759.65,c
2759.92,2760.26,c
2760.67,2761.0,c
2761.32,2761.71,c
2762.04,2762.43,c
2762.72,2763.05,c
2763.39,2763.75,c
2764.12,2764.4,c
2764.79,2765.09,c
2765.52,2765.83,c
2766.26,2766.66,c
2767.61,2767.94,b
2768.42,2768.66,b
2769.88,2770.11,b
2770.53,2770.75,b
2771.91,2772.11,b
2772.67,2772.97,b
2773.48,2773.77,x
2774.04,2774.49,x
2774.82,2775.17,x
2775.46,2775.63,b
2775.95,2776.3,c
2776.64,2776.96,x
2777.3,2777.78,x
2778.04,2778.47,x
2778.75,2779.26,x
2779.59,2779.93,c
2780.29,2780.61,b
2780.91,2781.31,x
2781.79,2782.08,b
2782.38,2782.7,x
2783.4,2783.59,b
2784.37,2784.81,x
2785.11,2785.51,x
2785.78,2786.09,c
2786.45,2786.84,x
2787.17,2787.65,x
2788.07,2788.5,x
2788.85,2789.26,x
2789.92,2790.32,x
2790.68,2791.1,x
2791.44,2791.84,x
2792.13,2792.49,c
2792.79,2793.24,x
2793.6,2793.92,c
2794.13,2794.7,c
2795.03,2795.4,b
2795.67,2796.01,c
2796.32,2796.73,x
2797.06,2797.48,x
2797.75,2798.21,x
2798.51,2798.96,x
2799.18,2799.7,x
2799.87,2800.2,c
2800.58,2800.94,x
2801.4,2801.71,b
2802.04,2802.48,x
2802.81,2803.27,x
2803.61,2804.03,x
2804.39,2804.95,x
2805.14,2805.71,x
2806.1,2806.54,x
2806.83,2807.34,x
2807.7,2808.05,x
2808.43,2808.81,x
2809.11,2809.62,x
2810.25,2810.75,x
2811.03,2811.29,c
2811.68,2812.02,c
2812.38,2812.88,x
2813.35,2813.65,c
2813.93,2814.3,b
2814.6,2815.08,x
2815.41,2815.82,c
2816.12,2816.39,c
2816.8,2817.16,x
2817.85,2818.25,x
2818.93,2819.26,b
2819.56,2819.91,x
2820.28,2820.69,x
2821.09,2821.49,x
2821.88,2822.21,c
2822.5,2822.92,b
2823.78,2824.12,c
2824.48,2824.8,b
2825.3,2825.55,b
2825.91,2826.39,x
2826.69,2827.08,x
2827.42,2827.81,x
2828.44,2828.83,x
2829.18,2829.64,x
2829.91,2830.42,x
2830.83,2831.4,x
2831.59,2832.03,c
2832.75,2833.04,b
2833.35,2833.8,x
2834.52,2834.73,b
2835.11,2835.47,x
2835.77,2836.28,x
2836.5,2836.94,x
2837.14,2837.67,x
2837.96,2838.44,x
2838.75,2839.3,x
2839.89,2840.26,x
2840.52,2841.0,x
2841.24,2841.71,x
2841.94,2842.5,x
2842.71,2843.17,x
2843.42,2843.89,x
2844.47,2844.78,b
2845.04,2845.61,x
2845.83,2846.21,x
2846.54,2846.94,c
2847.23,2847.65,x
2847.89,2848.34,x
2848.57,2849.03,x
2849.54,2850.13,x
2850.33,2850.8,x
2851.07,2851.5,x
2851.75,2852.25,x
2852.58,2853.14,x
2853.54,2854.14,x
2854.35,2854.79,x
2855.11,2855.65,x
2855.9,2856.43,x
2856.82,2857.03,b
2857.34,2857.78,c
2858.02,2858.5,x
2858.74,2859.2,x
2859.55,2859.99,c
2860.16,2860.64,x
2860.95,2861.34,x
2861.64,2862.19,x
2862.76,2863.21,c
2863.49,2864.04,x
2864.25,2864.8,x
2865.08,2865.59,x
2865.98,2866.29,b
2866.54,2867.05,x
2867.26,2867.74,x
2867.99,2868.62,x
2869.36,2869.99,x
2870.19,2870.89,x
2871.06,2871.59,c
2871.78,2872.22,b
2872.82,2873.33,x
2873.55,2874.21,x
2874.4,2874.98,x
2875.54,2875.76,b
2876.08,2876.54,x
2876.85,2877.39,x
2877.74,2878.19,x
2878.42,2878.89,x
2879.21,2879.67,x
2879.96,2880.33,b
2880.61,2881.1,x
2881.31,2881.8,x
2882.34,2882.86,x
2883.08,2883.58,x
2883.89,2884.37,x
2884.64,2885.16,x
2885.65,2886.02,b
2886.34,2886.76,x
2887.01,2887.46,x
2887.62,2888.18,x
2888.42,2888.89,x
2889.19,2889.73,x
2890.03,2890.52,x
2890.84,2891.16,c
2891.57,2891.84,b
2892.24,2892.65,x
2892.82,2893.31,x
2893.57,2894.04,c
2894.25,2894.67,c
2894.94,2895.34,x
2895.7,2896.04,x
2896.47,2896.99,x
2897.54,2897.9,b
2898.2,2898.64,x
2898.97,2899.22,c
2899.66,2900.1,x
2900.36,2900.72,x
2901.29,2901.65,b
2902.08,2902.54,x
2902.85,2903.19,c
2903.58,2903.97,c
2904.23,2904.66,x
2904.85,2905.29,c
2905.59,2906.0,x
2906.2,2906.67,x
2906.92,2907.38,x
2907.67,2908.03,x
2908.45,2908.76,b
2909.02,2909.5,x
2909.79,2910.23,c
2910.54,2910.99,b
2911.58,2912.01,b
2912.28,2912.68,c
2912.98,2913.32,x
2913.64,2914.0,x
2914.33,2914.67,c
2915.0,2915.38,x
2915.67,2916.19,x
2917.05,2917.27,b
2917.89,2918.13,b
2918.37,2918.6,b
2918.92,2919.34,x
2919.63,2920.05,x
2920.35,2920.79,x
2921.01,2921.38,x
2921.82,2922.15,x
2922.54,2922.99,x
2923.3,2923.64,x
2924.29,2924.58,c
2924.91,2925.29,x
2925.55,2925.98,x
2926.25,2926.67,x
2927.08,2927.47,x
2927.81,2928.15,x
2928.57,2928.9,x
2929.27,2929.69,x
2930.04,2930.39,x
2930.98,2931.42,x
2931.77,2932.22,x
2932.58,2933.04,x
2933.31,2933.68,x
2934.05,2934.49,x
2934.83,2935.21,x
2935.55,2935.97,x
2936.38,2936.72,x
2937.09,2937.42,b
2937.73,2938.11,x
2938.46,2938.84,x
2939.15,2939.53,x
2939.81,2940.27,x
2940.59,2941.02,x
2941.65,2942.01,x
2942.41,2942.83,x
2943.24,2943.54,c
2943.89,2944.18,c
2944.57,2944.86,c
2945.32,2945.55,b
2945.92,2946.28,x
2946.65,2947.06,x
2947.5,2947.81,c
2948.15,2948.5,c
2948.83,2949.18,c
2949.56,2949.87,c
2952.61,2952.88,c
2953.66,2954.03,c
2954.36,2954.65,c
2955.02,2955.32,c
2955.76,2956.17,x
2956.59,2956.85,b
2957.55,2957.81,b
2958.63,2958.85,b
2959.24,2959.67,x
2960.03,2960.42,x
2960.92,2961.37,x
2961.68,2962.16,x
2962.35,2962.8,x
2963.16,2963.56,x
2964.34,2964.58,b
2964.88,2965.38,x
2966.02,2966.28,b
2966.67,2967.1,x
2967.28,2967.65,x
2967.9,2968.33,x
2968.6,2969.03,x
2969.31,2969.73,x
2970.03,2970.49,x
2970.81,2971.18,x
2971.49,2971.83,c
2972.19,2972.51,c
2972.86,2973.19,c
2973.51,2973.79,c
2974.11,2974.5,c
2974.79,2975.28,x
2975.58,2976.0,x
2976.55,2976.84,b
2977.21,2977.56,b
2977.92,2978.24,b
2978.7,2979.16,c
2979.46,2979.96,x
2980.24,2980.71,x
2980.88,2981.36,x
2981.75,2981.92,b
2982.58,2983.02,x
2983.25,2983.57,c
2983.8,2984.28,x
2984.54,2985.0,c
2985.2,2985.73,x
2985.98,2986.49,x
2986.75,2987.15,x
2987.57,2987.94,x
2988.31,2988.68,c
2988.99,2989.43,b
2989.59,2990.1,c
2990.32,2990.7,x
2991.15,2991.42,b
2991.8,2992.25,x
2992.55,2992.99,x
2993.27,2993.72,x
2994.02,2994.67,x
2994.88,2995.36,x
2995.52,2996.0,x
2996.36,2996.91,x
2997.14,2997.55,x
2997.87,2998.29,x
2998.72,2999.17,x
2999.46,2999.92,x
3000.28,3000.8,x
3001.45,3001.85,b
3002.19,3002.64,x
3002.97,3003.32,c
3003.57,3004.09,x
3004.42,3005.03,x
3005.49,3005.98,x
3006.26,3006.78,x
3007.01,3007.42,c
3007.77,3008.28,x
3008.62,3009.11,x
3009.29,3009.8,x
3010.14,3010.46,b
3010.75,3011.31,x
3011.56,3011.96,c
3012.63,3013.08,x
3013.29,3013.8,x
3013.95,3014.35,x
3014.56,3015.08,x
3015.29,3015.89,x
3016.13,3016.6,x
3017.36,3017.85,x
3018.07,3018.66,x
3018.92,3019.43,x
3019.62,3020.13,x
3020.7,3021.05,b
3021.36,3021.66,c
3021.91,3022.46,x
3022.73,3023.17,x
3023.52,3023.97,x
3024.19,3024.67,x
3024.95,3025.22,c
3025.54,3026.02,x
3026.27,3026.78,x
3027.09,3027.5,x
3027.77,3028.34,x
3028.59,3029.06,b
3029.33,3029.81,x
3030.39,3030.81,x
3031.05,3031.65,x
3031.92,3032.35,x
3032.71,3033.07,c
3033.45,3033.62,b
3034.03,3034.5,x
3034.8,3035.37,x
3035.57,3036.09,x
3036.4,3036.84,x
3037.05,3037.6,x
3037.83,3038.17,c
3038.47,3038.91,x
3039.22,3039.59,x
3039.96,3040.24,b
3040.51,3041.16,x
3041.6,3041.91,b
3042.29,3042.81,x
3042.98,3043.11,b
3043.42,3043.96,x
3044.1,3044.54,x
3044.8,3045.28,x
3045.53,3045.83,c
3046.1,3046.51,c
3046.72,3047.37,x
3047.73,3048.14,b
3049.15,3049.46,b
3049.73,3050.25,x
3050.46,3050.94,x
3051.24,3051.86,x
3052.35,3052.59,c
3052.96,3053.25,c
3053.61,3053.9,c
3054.23,3054.61,c
3054.83,3055.26,c
3055.53,3055.86,c
3056.46,3056.81,b
3057.14,3057.47,c
3057.81,3058.34,x
3059.24,3059.5,b
3059.86,3060.32,c
3060.78,3061.15,b
3061.45,3061.93,x
3062.22,3062.81,b
3063.38,3063.9,x
3064.03,3064.49,x
3064.7,3065.11,x
3065.4,3065.78,c
3067.87,3068.33,x
3068.57,3068.99,x
3069.29,3069.8,x
3070.06,3070.51,x
3070.84,3071.25,x
3071.63,3072.08,b
3072.33,3072.83,x
3073.09,3073.4,c
3073.76,3074.25,x
3075.1,3075.44,x
3075.76,3076.23,x
3076.47,3076.81,c
3077.41,3077.82,c
3078.2,3078.48,b
3078.82,3079.13,c
3079.52,3079.68,b
3080.16,3080.65,x
3080.92,3081.39,x
3081.71,3082.18,x
3082.42,3082.89,x
3083.04,3083.56,x
3083.92,3084.47,x
3085.08,3085.43,c
3085.77,3086.13,c
3086.38,3086.69,c
3086.99,3087.45,x
3087.69,3088.22,x
3088.42,3088.84,x
3089.28,3089.61,b
3090.32,3090.58,b
3091.22,3091.57,x
3091.9,3092.26,x
3093.0,3093.34,b
3093.61,3094.02,x
3094.29,3094.8,x
3094.92,3095.46,x
3095.69,3096.18,x
3096.43,3096.91,x
3097.45,3097.99,x
3098.19,3098.67,x
3099.04,3099.43,x
3099.84,3100.09,b
3100.32,3100.88,x
3101.23,3101.66,x
3102.1,3102.33,b
3102.63,3103.16,x
3103.31,3103.87,x
3104.09,3104.53,c
3104.66,3105.28,x
3105.49,3105.95,x
3106.67,3107.23,x
3107.35,3107.88,x
3108.41,3108.89,x
3109.08,3109.59,x
3109.74,3110.2,c
3110.81,3111.2,c
3111.44,3111.8,c
3112.07,3112.51,c
3112.89,3113.24,c
3113.59,3113.91,c
3114.23,3114.64,c
3114.88,3115.29,c
3115.53,3115.86,c
3116.2,3116.53,c
3117.06,3117.39,c
3117.75,3118.16,c
3118.46,3118.93,c
3119.29,3119.7,c
3121.96,3122.36,b
3123.39,3123.75,c
3124.02,3124.46,c
3124.76,3125.14,c
3125.39,3125.87,c
3126.07,3126.54,c
3126.73,3127.14,c
3128.03,3128.45,c
3129.62,3130.07,c
3137.7,3138.03,b
3138.64,3138.96,b
3139.38,3139.7,b
3140.09,3140.45,b
3140.69,3141.17,b
3141.68,3142.23,x
3142.48,3142.95,x
3143.09,3143.63,x
3143.88,3144.29,x
3144.58,3145.11,x
3145.25,3145.7,x
3146.03,3146.37,c
3146.63,3147.14,x
3147.32,3147.82,x
3148.08,3148.54,x
3148.82,3149.31,x
3149.56,3150.02,x
3150.25,3150.66,c
3150.96,3151.26,c
3151.56,3151.88,c
3152.73,3153.12,x
3153.35,3153.81,x
3154.08,3154.44,c
3154.75,3155.26,x
3156.37,3156.91,x
3157.09,3157.67,x
3157.84,3158.27,x
3158.5,3158.94,x
3159.41,3159.81,x
3160.07,3160.42,c
3160.66,3161.13,x
3161.35,3161.82,x
3162.27,3162.78,x
3162.99,3163.48,x
3163.68,3164.16,x
3164.41,3164.91,x
3165.03,3165.59,x
3165.79,3166.2,c
3166.42,3166.73,c
3167.05,3167.54,x
3167.72,3168.3,x
3168.42,3168.89,x
3169.41,3169.95,x
3170.19,3170.61,x
3170.82,3171.1,c
3171.47,3171.79,c
3172.02,3172.47,b
3172.7,3173.17,x
3173.53,3173.84,c
3174.09,3174.51,c
3174.78,3175.05,c
3175.44,3175.75,c
3176.11,3176.47,c
3176.78,3177.21,c
3177.49,3177.77,c
3178.06,3178.4,c
3178.7,3179.01,c
3180.43,3180.71,b
3181.14,3181.46,b
3181.88,3182.2,b
3182.42,3182.65,b
3182.87,3183.36,x
3183.67,3184.1,x
3184.54,3185.31,x
3185.51,3185.97,x
3186.27,3186.81,x
3186.95,3187.6,x
3187.92,3188.29,b
3188.45,3189.0,x
3189.28,3189.81,x
3190.05,3190.41,c
3190.77,3191.13,x
3191.42,3191.78,c
3192.08,3192.37,c
3192.68,3193.07,c
3193.34,3193.77,x
3194.08,3194.45,c
3195.09,3195.52,x
3195.77,3196.2,x
3196.55,3197.08,x
3197.98,3198.26,c
3198.63,3198.95,c
3199.25,3199.61,c
3200.26,3200.61,b
3201.22,3201.55,b
3202.0,3202.5,x
3202.77,3203.09,c
3203.38,3203.8,x
3204.2,3204.57,b
3204.87,3205.25,b
3205.47,3205.93,c
3206.18,3206.47,c
3207.11,3207.67,x
3208.73,3209.03,b
3209.42,3209.76,b
3210.37,3210.73,c
3210.87,3211.38,x
3211.56,3212.04,x
3212.41,3212.77,x
3213.04,3213.39,c
3214.18,3214.49,b
3214.79,3215.21,x
3215.45,3215.94,x
3216.21,3216.69,x
3216.95,3217.34,x
3217.72,3218.09,x
3218.42,3218.84,x
3219.05,3219.54,x
3219.95,3220.27,b
3220.61,3221.12,x
3221.36,3221.87,x
3222.43,3222.9,x
3223.12,3223.66,x
3223.94,3224.43,x
3224.67,3225.14,x
3225.57,3226.17,x
3226.57,3226.85,b
3227.13,3227.68,x
3228.19,3228.71,x
3228.95,3229.28,c
3229.61,3230.07,x
3230.42,3230.87,x
3231.15,3231.75,x
3232.33,3232.9,x
3233.14,3233.66,x
3233.78,3234.42,x
3234.57,3234.99,c
3235.22,3235.81,x
3236.03,3236.52,x
3236.85,3237.28,x
3237.66,3238.05,x
3238.35,3238.75,x
3239.29,3239.81,x
3240.07,3240.49,x
3240.8,3241.22,x
3241.54,3242.03,x
3242.28,3242.79,x
3243.06,3243.54,x
3244.3,3244.75,x
3244.87,3245.3,x
3245.63,3246.0,x
3246.46,3246.88,x
3247.34,3247.54,b
3247.86,3248.36,x
3248.74,3249.13,x
3249.42,3249.89,x
3250.13,3250.5,x
3250.87,3251.21,c
3251.54,3251.9,c
3252.2,3252.5,c
3252.9,3253.18,c
3253.93,3254.44,x
3254.57,3255.1,x
3255.29,3255.76,x
3257.1,3257.4,b
3257.75,3258.06,b
3258.41,3258.87,c
3259.74,3260.09,b
3260.4,3260.83,x
3261.09,3261.66,x
3261.98,3262.36,x
3262.73,3263.25,x
3263.74,3264.21,x
3264.45,3264.98,x
3265.23,3265.66,c
3265.96,3266.35,c
3266.97,3267.31,b
3267.71,3268.1,b
3268.35,3268.7,x
3269.09,3269.56,x
3269.79,3270.3,x
3270.57,3271.08,x
3271.56,3272.18,x
3272.37,3272.85,x
3272.99,3273.64,x
