19996.71,19997.03,c
19997.5,19997.66,c
19997.65,19998.35,c
19998.2,19998.78,c
19999.02,19999.16,c
19999.26,19999.84,c
19999.81,20000.63,c
20000.71,20001.03,c
20001.13,20001.43,c
20001.96,20001.98,b
20002.43,20002.99,c
20014.91,20014.91,b
20015.03,20015.65,c
20016.05,20016.63,c
20016.95,20017.55,c
20019.77,20020.29,c
20021.05,20021.33,c
20022.37,20022.91,c
20024.22,20024.72,c
20024.98,20025.1,c
20026.92,20027.44,c
20028.08,20028.08,b
20030.41,20031.01,c
20030.95,20031.39,c
20031.8,20032.24,c
20032.93,20033.35,c
20033.58,20034.12,c
20034.03,20034.49,c
20034.29,20035.11,c
20035.05,20035.53,c
20035.46,20035.98,c
20035.9,20036.6,c
20036.66,20037.12,c
20037.34,20037.64,c
20037.82,20038.3,c
20038.08,20038.9,c
20038.61,20039.23,c
20039.23,20039.91,c
20040.19,20040.53,c
20040.64,20041.36,c
20041.33,20042.15,c
20042.12,20042.74,c
20042.68,20043.5,c
20043.6,20044.38,c
20044.27,20045.01,c
20044.95,20045.59,c
20045.72,20046.46,c
20046.4,20047.08,c
20047.08,20047.72,c
20047.62,20048.36,c
20048.64,20049.12,c
20049.32,20049.94,c
20050.0,20050.54,c
20050.72,20051.24,c
20051.34,20051.9,c
20051.8,20052.38,c
20054.07,20054.49,c
20054.28,20055.1,c
20055.4,20055.84,c
20055.95,20056.69,c
20056.78,20057.12,c
20057.41,20057.81,c
20058.15,20058.55,c
20058.44,20059.26,c
20059.27,20059.69,c
20059.56,20060.28,c
20060.28,20060.8,c
20061.13,20061.63,c
20061.52,20062.1,c
20062.04,20062.6,c
20063.23,20063.83,c
20063.97,20064.71,c
20064.81,20065.43,c
20065.33,20066.09,c
20066.06,20066.68,c
20066.83,20067.53,c
20067.64,20068.44,c
20068.7,20069.06,c
20069.26,20069.96,c
20069.69,20070.51,c
20070.37,20070.79,c
20070.71,20071.41,c
20071.49,20072.11,c
20072.24,20072.68,c
20072.96,20073.54,c
20073.97,20074.41,c
20074.89,20075.45,c
20075.26,20076.08,c
20076.23,20076.63,c
20076.8,20077.36,c
20077.42,20078.04,c
20077.97,20078.63,c
20078.82,20079.38,c
20079.37,20080.19,c
20079.78,20080.6,c
20081.15,20081.53,c
20081.9,20082.26,c
20082.79,20083.19,c
20083.62,20084.12,c
20084.4,20084.76,c
20085.13,20085.45,c
20085.77,20086.19,c
20086.4,20086.98,c
20086.84,20087.62,c
20088.18,20088.46,c
20088.38,20089.08,c
20088.84,20089.62,c
20090.38,20090.98,c
20091.19,20091.81,c
20092.13,20092.37,c
20092.83,20093.41,c
20093.45,20094.17,c
20094.47,20095.13,c
20095.11,20095.79,c
20095.87,20096.51,c
20098.1,20098.64,c
20098.73,20099.33,c
20099.58,20100.0,c
20100.32,20100.72,c
20100.96,20101.16,c
20101.73,20102.05,c
20102.4,20102.7,c
20103.15,20103.39,c
20103.75,20103.97,c
20104.35,20104.73,c
20105.05,20105.47,c
20106.12,20106.52,c
20106.57,20107.11,c
20107.51,20107.79,c
20107.96,20108.42,c
20109.4,20109.9,c
20110.54,20110.84,c
20111.51,20111.81,c
20112.25,20112.65,c
20113.01,20113.23,c
20113.6,20113.84,c
20114.72,20114.9,c
20115.44,20115.94,c
20116.19,20116.67,c
20116.87,20117.43,c
20117.64,20118.1,c
20118.65,20119.03,c
20119.19,20119.75,c
20120.12,20120.82,c
20120.9,20121.42,c
20121.59,20122.11,c
20122.38,20122.82,c
20123.81,20124.01,c
20124.19,20124.83,c
20125.09,20125.69,c
20125.9,20126.36,c
20126.56,20127.1,c
20127.19,20127.73,c
20127.97,20128.47,c
20128.81,20129.31,c
20130.09,20130.59,c
20130.97,20131.45,c
20131.58,20132.24,c
20132.33,20132.83,c
20132.95,20133.39,c
20133.58,20134.1,c
20134.27,20134.89,c
20135.02,20135.5,c
20135.95,20136.39,c
20136.67,20136.99,c
20137.18,20137.78,c
20137.62,20138.16,c
20138.49,20138.99,c
20139.02,20139.7,c
20141.31,20141.53,c
20141.68,20142.18,c
20142.78,20143.32,c
20143.58,20144.2,c
20145.52,20145.86,c
20146.36,20146.76,c
20147.35,20147.87,c
20148.39,20148.87,c
20149.0,20149.6,c
20149.83,20150.23,c
20150.41,20150.93,c
20151.04,20151.54,c
20151.72,20152.26,c
20152.4,20153.0,c
20153.23,20153.71,c
20153.75,20154.33,c
20154.59,20155.15,c
20155.39,20155.85,c
20155.91,20156.33,c
20156.7,20156.98,c
20157.38,20157.66,c
20157.92,20158.48,c
20158.72,20159.26,c
20159.5,20159.82,c
20159.96,20160.62,c
20160.86,20161.4,c
20161.46,20161.94,c
20161.88,20162.4,c
20162.51,20163.07,c
20162.82,20163.64,c
20163.23,20164.05,c
20163.77,20164.33,c
20164.58,20164.98,c
20165.15,20165.59,c
20165.92,20166.18,c
20166.56,20166.88,c
20167.5,20167.98,c
20168.21,20168.57,c
20169.07,20169.37,c
20169.67,20170.05,c
20170.25,20170.79,c
20171.01,20171.59,c
20171.99,20172.21,c
20172.44,20173.0,c
20173.29,20173.81,c
20174.42,20174.66,c
20174.82,20175.14,c
20175.6,20176.0,c
20176.4,20176.7,c
20177.34,20177.8,c
20178.09,20178.65,c
20178.63,20179.27,c
20179.58,20180.08,c
20180.37,20180.61,c
20180.87,20181.43,c
20181.69,20182.11,c
20182.49,20182.81,c
20183.3,20183.6,c
20184.39,20184.83,c
20185.16,20185.64,c
20185.77,20186.39,c
20186.5,20187.02,c
20187.24,20187.84,c
20188.21,20188.59,c
20188.79,20189.23,c
20189.7,20190.04,c
20190.34,20190.7,c
20191.32,20191.58,c
20191.93,20192.41,c
20192.74,20193.02,c
20193.39,20193.85,c
20194.09,20194.55,c
20194.78,20195.3,c
20195.52,20196.02,c
20196.31,20196.75,c
20196.85,20197.45,c
20197.59,20198.19,c
20198.4,20198.84,c
20199.33,20199.83,c
20199.99,20200.57,c
20200.83,20201.21,c
20201.52,20202.02,c
20202.3,20202.78,c
20203.21,20203.35,c
20204.29,20204.61,c
20204.82,20205.46,c
20205.55,20206.07,c
20206.27,20206.83,c
20206.89,20207.21,c
20207.9,20208.36,c
20208.86,20209.26,c
20209.46,20210.0,c
20210.28,20210.78,c
20211.08,20211.56,c
20211.8,20212.32,c
20212.52,20213.06,c
20212.88,20213.66,c
20213.5,20214.08,c
20213.79,20214.61,c
20214.8,20215.12,c
20215.3,20215.94,c
20216.1,20216.42,c
20216.67,20217.13,c
20217.4,20217.94,c
20218.03,20218.51,c
20218.68,20219.2,c
20219.85,20220.29,c
20220.48,20220.98,c
20221.23,20221.51,c
20221.8,20222.32,c
20222.6,20223.02,c
20223.21,20223.69,c
20224.11,20224.35,c
20224.4,20224.98,c
20224.9,20225.38,c
20225.36,20225.9,c
20225.99,20226.47,c
20226.63,20227.13,c
20227.5,20227.9,c
20228.06,20228.64,c
20228.95,20229.45,c
20229.47,20230.19,c
20230.42,20230.78,c
20231.18,20231.58,c
20231.88,20232.3,c
20232.76,20232.96,c
20233.25,20233.65,c
20234.22,20234.6,c
20234.44,20235.24,c
20235.37,20235.93,c
20236.36,20236.86,c
20237.0,20237.66,c
20237.85,20238.31,c
20238.66,20239.14,c
20239.26,20239.82,c
20240.13,20240.31,c
20240.58,20241.22,c
20241.24,20241.58,c
20241.81,20242.05,c
20242.71,20242.99,c
20243.38,20243.72,c
20243.91,20244.33,c
20244.77,20245.07,c
20245.53,20245.69,c
20246.17,20246.41,c
20247.14,20247.52,c
20247.83,20248.19,c
20248.5,20248.92,c
20249.07,20249.51,c
20249.81,20250.25,c
20250.8,20251.36,c
20251.45,20251.93,c
20252.17,20252.69,c
20252.93,20253.41,c
20253.64,20254.1,c
20254.48,20254.74,c
20254.85,20255.35,c
20255.7,20256.32,c
20256.57,20256.83,c
20257.31,20257.65,c
20257.86,20258.22,c
20258.22,20258.96,c
20258.76,20259.34,c
20259.42,20260.0,c
20260.77,20261.19,c
20261.6,20261.84,c
20262.18,20262.56,c
20262.82,20263.36,c
20263.59,20263.99,c
20264.47,20264.99,c
20265.04,20265.62,c
20265.79,20266.31,c
20266.51,20267.03,c
20267.18,20267.68,c
20268.01,20268.31,c
20268.52,20269.06,c
20269.46,20269.9,c
20270.3,20270.84,c
20271.02,20271.5,c
20271.85,20272.37,c
20272.72,20273.22,c
20273.51,20273.93,c
20274.21,20274.89,c
20275.06,20275.46,c
20275.83,20276.33,c
20276.42,20276.94,c
20277.23,20277.69,c
20278.02,20278.52,c
20278.96,20279.54,c
20279.37,20280.07,c
20280.4,20280.88,c
20281.19,20281.63,c
20281.84,20282.18,c
20282.37,20282.97,c
20283.07,20283.65,c
20283.74,20284.5,c
20284.7,20285.14,c
20285.41,20285.75,c
20285.99,20286.51,c
20286.7,20286.92,c
20287.36,20287.64,c
20287.66,20288.18,c
20288.16,20288.78,c
20289.01,20289.53,c
20289.66,20290.16,c
20290.38,20290.88,c
20291.27,20291.59,c
20292.08,20292.76,c
20292.78,20293.28,c
20293.41,20293.93,c
20294.25,20294.89,c
20295.18,20295.54,c
20295.84,20296.34,c
20296.48,20297.06,c
20297.15,20297.59,c
20297.96,20298.4,c
20298.38,20299.12,c
20299.08,20299.68,c
20299.76,20300.38,c
20300.47,20301.05,c
20301.34,20301.86,c
20301.98,20302.5,c
20302.68,20303.18,c
20303.26,20303.9,c
20304.18,20304.66,c
20304.71,20305.29,c
20305.65,20305.93,c
20306.09,20306.63,c
20307.05,20307.59,c
20307.36,20308.16,c
20308.22,20308.86,c
20309.16,20309.4,c
20309.68,20310.24,c
20310.43,20310.89,c
20310.89,20311.45,c
20311.86,20312.36,c
20312.57,20312.99,c
20313.28,20313.76,c
20313.84,20314.26,c
20314.63,20315.15,c
20315.67,20315.99,c
20316.33,20316.61,c
20316.89,20317.37,c
20317.56,20318.02,c
20318.24,20318.66,c
20318.92,20319.4,c
20320.05,20320.57,c
20320.58,20321.12,c
20321.45,20321.97,c
20321.81,20322.49,c
20322.7,20323.22,c
20324.29,20324.55,c
20324.86,20325.3,c
20325.29,20325.85,c
20325.9,20326.08,c
20326.55,20326.69,c
20327.31,20327.63,c
20327.98,20328.36,c
20328.71,20328.93,c
20329.33,20329.63,c
20330.04,20330.28,c
20330.66,20330.88,c
20331.33,20331.53,c
20331.64,20332.06,c
20334.32,20334.46,c
20334.81,20335.21,c
20335.5,20335.88,c
20336.28,20336.62,c
20336.84,20337.18,c
20337.33,20337.97,c
20337.95,20338.51,c
20338.67,20339.13,c
20339.34,20339.8,c
20340.21,20340.65,c
20341.11,20341.51,c
20341.9,20342.08,c
20342.44,20342.7,c
20343.06,20343.24,c
20343.64,20343.86,c
20343.82,20344.58,c
20344.92,20345.46,c
20345.74,20346.02,c
20346.4,20346.78,c
20346.88,20347.42,c
20347.56,20348.02,c
20348.14,20348.68,c
20348.74,20349.46,c
20349.57,20350.11,c
20350.25,20350.87,c
20351.09,20351.55,c
20351.88,20352.38,c
20352.61,20353.11,c
20353.15,20353.73,c
20354.02,20354.5,c
20354.72,20355.36,c
20355.31,20356.05,c
20356.19,20356.65,c
20356.87,20357.41,c
20357.53,20358.09,c
20358.32,20358.84,c
20359.14,20359.62,c
20359.73,20360.11,c
20360.6,20360.96,c
20360.89,20361.57,c
20361.82,20362.16,c
20362.37,20362.87,c
20363.0,20363.54,c
20363.74,20364.22,c
20364.46,20364.74,c
20364.99,20365.75,c
20365.43,20366.25,c
20365.96,20366.72,c
20367.35,20367.91,c
20368.11,20368.51,c
20368.66,20369.22,c
20369.66,20370.16,c
20370.37,20370.87,c
20371.2,20371.6,c
20372.0,20372.5,c
20372.63,20373.27,c
20373.53,20373.95,c
20374.14,20374.6,c
20374.83,20375.17,c
20375.45,20375.95,c
20376.16,20376.56,c
20376.57,20377.23,c
20377.33,20377.55,c
20377.61,20378.13,c
20378.24,20378.8,c
20379.12,20379.72,c
20380.05,20380.51,c
20380.6,20381.14,c
20381.24,20381.86,c
20382.13,20382.65,c
20382.97,20383.35,c
20383.37,20383.99,c
20383.83,20384.65,c
20384.42,20385.06,c
20385.6,20385.88,c
20386.28,20386.5,c
20386.82,20387.38,c
20387.59,20387.81,c
20388.14,20388.52,c
20388.67,20389.23,c
20389.47,20389.99,c
20390.04,20390.54,c
20390.6,20391.18,c
20390.97,20391.63,c
20391.68,20391.9,c
20392.05,20392.57,c
20392.82,20393.3,c
20393.51,20393.95,c
20394.27,20394.73,c
20394.98,20395.58,c
20395.79,20396.35,c
20396.35,20396.89,c
20397.14,20397.76,c
20398.16,20398.48,c
20399.04,20399.44,c
20399.65,20400.09,c
20400.19,20400.79,c
20400.98,20401.5,c
20401.65,20402.29,c
20402.5,20402.92,c
20403.33,20403.63,c
20403.95,20404.57,c
20404.74,20405.12,c
20405.34,20405.86,c
20406.11,20406.61,c
20406.81,20407.23,c
20407.36,20407.84,c
20408.15,20408.51,c
20408.97,20409.33,c
20409.56,20410.08,c
20410.35,20410.79,c
20411.01,20411.65,c
20411.93,20412.49,c
20412.72,20413.08,c
20413.25,20413.75,c
20414.09,20414.57,c
20414.75,20415.29,c
20415.52,20415.9,c
20416.43,20416.67,c
20416.85,20417.13,c
20417.42,20417.8,c
20418.16,20418.66,c
20418.88,20419.44,c
20419.66,20420.16,c
20420.31,20420.91,c
20421.03,20421.51,c
20421.88,20422.26,c
20422.5,20422.98,c
20422.74,20423.56,c
20423.4,20423.96,c
20424.11,20424.65,c
20424.8,20425.42,c
20425.22,20425.96,c
20425.77,20426.31,c
20426.18,20426.9,c
20427.17,20427.47,c
20428.25,20428.63,c
20429.16,20429.52,c
20429.91,20430.23,c
20430.42,20430.92,c
20431.14,20431.64,c
20431.86,20432.38,c
20432.6,20433.06,c
20433.29,20433.81,c
20433.97,20434.47,c
20434.71,20435.13,c
20435.36,20435.9,c
20436.15,20436.61,c
20436.8,20437.36,c
20437.6,20438.12,c
20438.34,20438.7,c
20438.98,20439.46,c
20439.66,20440.22,c
20440.42,20440.92,c
20441.26,20441.6,c
20442.01,20442.29,c
20442.57,20443.13,c
20443.61,20443.95,c
20444.3,20444.9,c
20445.41,20445.75,c
20446.04,20446.5,c
20446.64,20447.14,c
20447.33,20447.89,c
20448.19,20448.73,c
20449.09,20449.47,c
20449.57,20450.31,c
20450.48,20450.96,c
20451.08,20451.7,c
20452.03,20452.35,c
20452.64,20453.2,c
20453.5,20453.92,c
20454.1,20454.7,c
20454.82,20455.38,c
20455.31,20455.91,c
20456.18,20456.66,c
20456.79,20457.53,c
20457.42,20457.92,c
20458.06,20458.6,c
20458.77,20459.21,c
20459.35,20459.65,c
20459.55,20460.27,c
20459.92,20460.74,c
20467.39,20467.59,c
20467.59,20468.33,c
20468.34,20468.76,c
20469.2,20469.82,c
20470.04,20470.46,c
20470.63,20471.15,c
20471.27,20471.79,c
20472.08,20472.44,c
20472.67,20473.07,c
20473.41,20473.77,c
20473.92,20474.44,c
20474.66,20475.22,c
20475.41,20475.75,c
20476.04,20476.38,c
20476.89,20477.13,c
20477.48,20477.78,c
20477.83,20478.55,c
20478.31,20479.01,c
20479.36,20479.64,c
20479.93,20480.19,c
20481.28,20481.54,c
20482.23,20482.67,c
20483.25,20483.55,c
20483.72,20484.24,c
20484.85,20485.05,c
20486.02,20486.24,c
20486.57,20486.87,c
20487.28,20487.54,c
20487.45,20488.19,c
20488.53,20488.69,c
20488.87,20489.39,c
20489.68,20490.26,c
20490.42,20490.92,c
20490.75,20491.41,c
20491.98,20492.26,c
20492.89,20493.23,c
20493.45,20493.91,c
20494.03,20494.55,c
20494.67,20495.11,c
20495.26,20495.94,c
20496.26,20496.68,c
20496.85,20497.31,c
20497.47,20498.03,c
20498.3,20498.7,c
20498.93,20499.37,c
20499.56,20500.02,c
20500.3,20500.84,c
20501.04,20501.52,c
20501.66,20502.18,c
20502.29,20502.87,c
20503.07,20503.63,c
20503.81,20504.23,c
20504.47,20505.03,c
20505.49,20505.95,c
20506.18,20506.52,c
20507.14,20507.42,c
20507.67,20508.17,c
20508.5,20508.98,c
20509.01,20509.57,c
20509.79,20510.27,c
20510.43,20510.91,c
20511.29,20511.57,c
20512.12,20512.36,c
20512.74,20513.0,c
20513.14,20513.68,c
20514.04,20514.22,c
20514.47,20515.01,c
20515.24,20515.62,c
20516.14,20516.64,c
20517.02,20517.22,c
20517.67,20518.31,c
20518.38,20518.92,c
20519.2,20519.7,c
20519.89,20520.41,c
20520.47,20520.85,c
20521.49,20521.89,c
20522.21,20522.59,c
20522.71,20523.31,c
20523.79,20524.21,c
20524.4,20524.82,c
20525.25,20525.51,c
20526.0,20526.32,c
20526.61,20527.11,c
20527.47,20527.79,c
20527.81,20528.41,c
20528.28,20528.76,c
20528.84,20529.26,c
20529.43,20529.99,c
20530.36,20530.86,c
20531.31,20531.77,c
20531.99,20532.45,c
20532.79,20533.15,c
20533.59,20534.07,c
20534.25,20534.73,c
20535.0,20535.56,c
20535.88,20536.28,c
20536.49,20536.87,c
20537.2,20537.68,c
20537.98,20538.5,c
20538.94,20539.18,c
20539.57,20539.91,c
20540.31,20540.79,c
20541.06,20541.56,c
20541.88,20542.32,c
20542.75,20542.95,c
20543.48,20543.78,c
20544.04,20544.44,c
20544.75,20545.23,c
20545.47,20545.89,c
20546.24,20546.68,c
20546.92,20547.34,c
20547.71,20548.09,c
20548.36,20548.86,c
20549.12,20549.52,c
20549.91,20550.09,c
20550.67,20550.73,b
20551.51,20551.91,c
20552.54,20553.08,c
20553.38,20554.0,c
20554.19,20554.61,c
20554.61,20555.03,c
20555.32,20555.82,c
20555.99,20556.49,c
20556.81,20557.27,c
20557.68,20558.04,c
20558.16,20558.78,c
20558.99,20559.43,c
20559.61,20559.99,c
20560.87,20561.35,c
20561.65,20561.97,c
20562.24,20562.72,c
20562.96,20563.4,c
20563.73,20564.23,c
20564.37,20564.85,c
20565.05,20565.53,c
20565.7,20566.22,c
20566.34,20567.0,c
20567.59,20568.09,c
20568.29,20568.75,c
20569.07,20569.41,c
20570.01,20570.51,c
20570.39,20571.01,c
20570.78,20571.44,c
20571.19,20571.87,c
20572.31,20572.55,c
20572.81,20573.31,c
20573.51,20574.03,c
20574.3,20574.62,c
20575.24,20575.36,c
20576.09,20576.41,c
20576.56,20577.14,c
20577.34,20577.54,c
20577.83,20578.31,c
20578.7,20578.84,c
20579.2,20579.56,c
20579.84,20580.4,c
20580.69,20580.89,c
20581.12,20581.6,c
20581.89,20582.15,c
20582.39,20582.81,c
20583.02,20583.5,c
20583.81,20584.17,c
20584.55,20584.95,c
20585.11,20585.61,c
20586.07,20586.55,c
20586.83,20587.19,c
20587.52,20588.04,c
20588.21,20588.57,c
20588.94,20589.16,c
20589.74,20589.9,c
20590.51,20591.01,c
20591.21,20591.65,c
20591.83,20592.39,c
20592.57,20593.11,c
20593.28,20593.76,c
20594.11,20594.53,c
20594.72,20595.26,c
20595.59,20596.05,c
20596.59,20597.11,c
20597.37,20597.83,c
20598.12,20598.46,c
20598.81,20599.33,c
20599.43,20599.97,c
20600.52,20600.84,c
20601.15,20601.59,c
20601.76,20602.22,c
20602.43,20602.97,c
20603.12,20603.68,c
20603.87,20604.29,c
20604.62,20604.86,c
20605.21,20605.45,c
20606.12,20606.2,c
20606.94,20607.48,c
20608.23,20608.57,c
20608.99,20609.55,c
20609.62,20610.14,c
20610.53,20610.89,c
20611.29,20611.71,c
20611.88,20612.36,c
20612.61,20613.13,c
20613.05,20613.61,c
20614.02,20614.52,c
20614.39,20614.99,c
20615.04,20615.54,c
20615.53,20615.87,c
20616.15,20616.39,c
20617.58,20617.9,c
20618.45,20618.69,c
20619.17,20619.55,c
20619.69,20620.23,c
20620.44,20620.92,c
20621.24,20621.64,c
20622.05,20622.43,c
20622.82,20623.14,c
20623.39,20623.79,c
20624.53,20624.77,c
20625.14,20625.62,c
20625.89,20626.37,c
20626.44,20626.8,c
20627.34,20627.84,c
20628.31,20628.67,c
20628.82,20629.36,c
20629.7,20630.08,c
20630.33,20630.65,c
20631.29,20631.55,c
20631.75,20632.29,c
20632.5,20632.72,c
20633.44,20633.76,c
20634.09,20634.35,c
20634.65,20635.09,c
20635.39,20635.71,c
20636.07,20636.49,c
20636.83,20637.23,c
20637.41,20638.01,c
20638.35,20638.83,c
20639.15,20639.61,c
20639.97,20640.45,c
20640.57,20641.07,c
20641.32,20641.8,c
20642.03,20642.55,c
20642.8,20643.22,c
20643.51,20644.03,c
20644.03,20644.63,c
20644.84,20645.24,c
20645.82,20646.1,c
20646.51,20646.79,c
20647.18,20647.42,c
20647.84,20648.06,c
20648.36,20648.84,c
20649.11,20649.53,c
20650.11,20650.43,c
20650.79,20651.17,c
20651.72,20652.04,c
20652.4,20652.72,c
20653.36,20653.74,c
20654.17,20654.45,c
20654.71,20655.35,c
20655.58,20656.02,c
20656.19,20656.73,c
20657.12,20657.28,c
20657.73,20658.19,c
20658.41,20658.85,c
20659.12,20659.58,c
20659.72,20660.32,c
20660.5,20661.06,c
20660.93,20661.45,c
20661.42,20661.9,c
20662.66,20662.96,c
20663.37,20663.65,c
20664.03,20664.25,c
20664.64,20665.0,c
20664.9,20665.56,c
20666.14,20666.32,c
20667.69,20667.83,c
20668.1,20668.58,c
20668.92,20669.24,c
20669.4,20670.0,c
20670.14,20670.6,c
20670.91,20671.27,c
20671.53,20671.89,c
20672.21,20672.53,c
20672.66,20673.44,c
20673.55,20674.05,c
20674.15,20674.59,c
20674.89,20675.31,c
20675.65,20676.09,c
20676.53,20676.89,c
20677.38,20677.9,c
20678.01,20678.57,c
20678.81,20679.35,c
20679.56,20680.02,c
20680.33,20680.63,c
20681.26,20681.66,c
20681.93,20682.47,c
20682.8,20683.06,c
20683.5,20683.92,c
20684.05,20684.67,c
20684.84,20685.22,c
20685.86,20686.04,c
20686.67,20686.95,c
20687.2,20687.66,c
20687.93,20688.21,c
20688.61,20689.07,c
20689.31,20689.79,c
20690.27,20690.73,c
20690.89,20691.45,c
20691.69,20692.11,c
20692.56,20692.92,c
20693.14,20693.32,c
20693.45,20693.83,c
20694.38,20694.84,c
20695.17,20695.43,c
20695.71,20696.17,c
20696.38,20696.8,c
20697.18,20697.68,c
20697.97,20698.31,c
20698.66,20699.14,c
20699.76,20700.06,c
20700.34,20700.88,c
20701.1,20701.58,c
20701.78,20702.38,c
20702.47,20703.17,c
20703.36,20703.86,c
20703.97,20704.49,c
20704.65,20705.19,c
20705.56,20706.16,c
20706.14,20706.72,c
20706.84,20707.4,c
20707.62,20708.12,c
20708.21,20708.95,c
20709.42,20709.76,c
20709.97,20710.49,c
20710.96,20711.28,c
20711.56,20711.88,c
20712.17,20712.59,c
20712.79,20713.07,c
20713.6,20713.84,c
20714.13,20714.49,c
20714.79,20715.07,c
20715.41,20715.83,c
20716.16,20716.5,c
20716.96,20717.38,c
20717.51,20718.33,c
20718.31,20718.83,c
20719.1,20719.48,c
20720.08,20720.5,c
20720.67,20721.29,c
20721.38,20721.96,c
20722.11,20722.73,c
20722.99,20723.41,c
20723.72,20724.2,c
20724.24,20724.86,c
20724.97,20725.65,c
20725.65,20726.21,c
20726.48,20726.78,c
20727.11,20727.39,c
20727.63,20728.07,c
20728.35,20728.89,c
20728.88,20729.66,c
20729.89,20730.33,c
20730.53,20731.15,c
20731.4,20731.88,c
20732.41,20732.87,c
20733.04,20733.64,c
20733.82,20734.4,c
20734.54,20735.1,c
20735.22,20735.82,c
20736.29,20736.71,c
20737.07,20737.59,c
20737.83,20738.31,c
20738.4,20739.1,c
20739.2,20739.78,c
20739.78,20740.54,c
20740.57,20741.17,c
20741.36,20741.86,c
20742.04,20742.6,c
20742.79,20743.29,c
20743.32,20743.92,c
20744.14,20744.74,c
20744.84,20745.44,c
20745.64,20746.26,c
20746.23,20746.89,c
20746.91,20747.55,c
20747.67,20748.39,c
20748.03,20748.85,c
20748.65,20749.25,c
20749.67,20750.27,c
20750.18,20750.94,c
20751.06,20751.62,c
20751.79,20752.25,c
20752.51,20752.99,c
20753.21,20753.91,c
20753.73,20754.49,c
20754.86,20755.52,c
20755.62,20756.06,c
20756.2,20756.94,c
20756.86,20757.48,c
20757.78,20758.22,c
20758.44,20759.04,c
20759.22,20759.76,c
20760.02,20760.62,c
20760.66,20761.26,c
20761.44,20761.94,c
20762.05,20762.53,c
20762.77,20763.15,c
20763.47,20763.79,c
20764.09,20764.43,c
20764.71,20765.09,c
20765.36,20765.76,c
20766.11,20766.39,c
20766.73,20767.03,c
20767.18,20767.78,c
20768.41,20768.69,c
20769.09,20769.33,c
20769.88,20770.08,c
20770.42,20770.62,c
20771.11,20771.27,c
20771.68,20771.98,c
20774.5,20775.16,c
20775.46,20775.88,c
20776.18,20776.56,c
20777.13,20777.69,c
20778.06,20778.64,c
20778.83,20779.35,c
20779.87,20780.21,c
20780.38,20780.84,c
20780.96,20781.6,c
20781.43,20782.17,c
20781.99,20782.43,c
20782.44,20782.94,c
20783.37,20783.95,c
20784.0,20784.62,c
20784.79,20785.19,c
20785.35,20785.87,c
20786.37,20786.85,c
20787.08,20787.6,c
20787.7,20788.32,c
20788.43,20788.97,c
20788.98,20789.7,c
20789.73,20790.47,c
20790.44,20791.12,c
20791.23,20791.81,c
20792.05,20792.47,c
20792.52,20793.2,c
20793.18,20793.74,c
20793.95,20794.45,c
20794.66,20795.06,c
20795.27,20795.71,c
20795.77,20796.41,c
20796.6,20797.16,c
20797.38,20797.82,c
20798.2,20798.66,c
20799.0,20799.4,c
20799.44,20800.12,c
20800.3,20800.86,c
20801.42,20801.76,c
20802.0,20802.48,c
20802.78,20803.18,c
20803.69,20804.11,c
20804.28,20804.78,c
20805.45,20805.91,c
20806.05,20806.45,c
20806.64,20807.14,c
20807.46,20807.98,c
20808.17,20808.63,c
20808.74,20809.3,c
20809.88,20810.42,c
20810.69,20811.15,c
20811.31,20811.95,c
20812.12,20812.62,c
20812.81,20813.25,c
20813.33,20814.09,c
20814.51,20814.97,c
20815.29,20815.71,c
20816.0,20816.44,c
20816.79,20817.21,c
20817.64,20817.88,c
20818.22,20818.5,c
20818.91,20819.19,c
20819.57,20819.81,c
20820.91,20821.17,c
20821.55,20821.83,c
20822.18,20822.46,c
20822.75,20823.11,c
20823.49,20823.71,c
20824.29,20824.65,c
20824.84,20825.28,c
20825.49,20825.97,c
20826.21,20826.63,c
20826.95,20827.27,c
20827.63,20828.19,c
20827.96,20828.78,c
20828.7,20829.36,c
20829.21,20829.87,c
20829.59,20830.31,c
20830.34,20830.66,c
20830.9,20831.26,c
20831.55,20831.85,c
20832.24,20832.58,c
20832.8,20833.36,c
20833.51,20834.03,c
20834.23,20834.83,c
20834.91,20835.51,c
20835.62,20836.22,c
20836.33,20836.91,c
20837.3,20837.92,c
20838.16,20838.62,c
20838.74,20839.28,c
20839.45,20839.77,c
20839.93,20840.55,c
20840.67,20841.17,c
20841.37,20841.65,c
20841.84,20842.38,c
20842.6,20843.04,c
20843.21,20843.79,c
20844.1,20844.66,c
20844.87,20845.63,c
20845.48,20846.18,c
20846.27,20846.83,c
20847.09,20847.51,c
20847.72,20848.24,c
20848.49,20849.01,c
20849.24,20849.72,c
20849.84,20850.38,c
20850.79,20851.43,c
20851.57,20852.25,c
20852.49,20852.97,c
20853.25,20853.77,c
20853.88,20854.5,c
20854.6,20855.22,c
20855.36,20855.92,c
20856.12,20856.64,c
20856.73,20857.39,c
20857.37,20857.99,c
20858.15,20858.77,c
20858.98,20859.46,c
20859.49,20860.19,c
20860.13,20860.81,c
20860.82,20861.64,c
20861.75,20862.11,c
20862.24,20862.92,c
20863.01,20863.57,c
20863.97,20864.53,c
20864.31,20865.13,c
20865.7,20866.06,c
20866.29,20866.61,c
20866.81,20867.35,c
20867.55,20868.13,c
20868.15,20868.91,c
20868.94,20869.58,c
20869.66,20870.3,c
20870.32,20871.14,c
20871.22,20871.48,c
20871.36,20872.18,c
20872.1,20872.88,c
20872.72,20873.44,c
20873.54,20873.74,c
20873.65,20874.45,c
20874.66,20875.2,c
20875.37,20875.89,c
20876.11,20876.41,c
20876.86,20877.42,c
20877.52,20878.06,c
20878.31,20878.77,c
20878.81,20879.37,c
20879.43,20879.97,c
20880.23,20880.77,c
20881.23,20881.67,c
20882.04,20882.6,c
20882.79,20883.27,c
20884.27,20884.75,c
20885.01,20885.51,c
20885.72,20886.2,c
20886.37,20887.05,c
20886.92,20887.64,c
20887.68,20888.32,c
20888.4,20889.02,c
20889.21,20889.61,c
20890.11,20890.59,c
20890.92,20891.2,c
20891.47,20891.97,c
20892.26,20892.7,c
20893.04,20893.62,c
20893.79,20894.39,c
20894.94,20895.5,c
20895.66,20896.1,c
20898.41,20898.85,c
20899.53,20899.89,c
20900.12,20900.72,c
20900.85,20901.41,c
20902.01,20902.49,c
20902.74,20903.1,c
20903.22,20903.76,c
20904.02,20904.4,c
20904.58,20905.22,c
20905.27,20905.99,c
20905.8,20906.36,c
20906.87,20907.15,c
20907.34,20907.94,c
20908.09,20908.61,c
20908.73,20909.35,c
20909.52,20909.98,c
20910.11,20910.69,c
20910.86,20911.44,c
20911.81,20912.43,c
20912.51,20913.13,c
20913.26,20913.78,c
20914.02,20914.58,c
20914.49,20915.15,c
20915.29,20915.77,c
20915.81,20916.39,c
20916.6,20917.18,c
20917.51,20917.83,c
20918.35,20918.97,c
20919.14,20919.66,c
20919.9,20920.24,c
20920.11,20920.91,c
20921.09,20921.73,c
20921.56,20922.38,c
20922.1,20922.72,c
20922.41,20923.23,c
20923.26,20923.66,c
20923.89,20924.25,c
20924.95,20925.19,c
20925.87,20926.35,c
20926.48,20926.96,c
20927.18,20927.64,c
20927.93,20928.29,c
20928.52,20929.1,c
20929.16,20929.62,c
20930.12,20930.72,c
20930.73,20931.35,c
20931.47,20931.63,c
20931.75,20932.19,c
20932.32,20933.02,c
20933.18,20933.74,c
20933.94,20934.48,c
20934.69,20935.23,c
20935.39,20936.01,c
20936.12,20936.4,c
20936.55,20937.15,c
20937.51,20937.97,c
20937.97,20938.73,c
20938.66,20939.36,c
20939.47,20940.01,c
20940.29,20940.85,c
20940.92,20941.46,c
20941.58,20942.2,c
20942.21,20942.85,c
20943.33,20943.83,c
20943.82,20944.52,c
20944.56,20945.12,c
20945.14,20945.86,c
20946.0,20946.52,c
20946.75,20947.25,c
20947.39,20948.07,c
20948.22,20948.68,c
20949.17,20949.69,c
20949.86,20950.36,c
20950.67,20951.17,c
20951.29,20951.83,c
20951.99,20952.59,c
20952.71,20953.37,c
20953.53,20954.05,c
20954.26,20954.8,c
20955.06,20955.62,c
20955.6,20956.3,c
20956.12,20956.6,c
20956.78,20957.34,c
20957.49,20957.99,c
20958.2,20958.76,c
20958.99,20959.59,c
20959.87,20960.31,c
20960.87,20961.37,c
20961.65,20962.09,c
20962.33,20962.87,c
20963.03,20963.51,c
20963.67,20964.21,c
20964.43,20964.95,c
20964.96,20965.62,c
20965.83,20966.33,c
20966.81,20967.23,c
20967.42,20968.0,c
20968.33,20968.79,c
20969.09,20969.51,c
20970.01,20970.55,c
20970.62,20971.34,c
20971.37,20971.99,c
20972.15,20972.73,c
20972.86,20973.5,c
20973.75,20974.25,c
20974.61,20974.99,c
20975.19,20975.75,c
20975.86,20976.5,c
20976.59,20977.07,c
20977.4,20977.88,c
20978.05,20978.55,c
20978.54,20979.1,c
20979.38,20979.98,c
20980.11,20980.65,c
20980.95,20981.51,c
20981.66,20982.16,c
20982.25,20982.91,c
20982.58,20983.4,c
20983.61,20983.91,c
20984.24,20984.56,c
20984.75,20985.33,c
20985.22,20985.88,c
20986.17,20986.93,c
20986.81,20987.51,c
20987.23,20988.05,c
20987.71,20988.41,c
20988.17,20988.95,c
20988.68,20989.5,c
20989.13,20989.87,c
20989.52,20990.3,c
20990.18,20991.0,c
20991.12,20991.28,c
20991.36,20992.0,c
20992.15,20992.51,c
20992.84,20993.4,c
20993.66,20994.12,c
20994.48,20994.86,c
20995.15,20995.63,c
20995.85,20996.37,c
20996.82,20997.12,c
20997.48,20997.76,c
20998.08,20998.42,c
20998.64,20999.04,c
20999.39,20999.89,c
21000.1,21000.92,c
21001.0,21001.56,c
21001.53,21002.29,c
21002.25,21003.03,c
21003.01,21003.71,c
21003.96,21004.38,c
21004.49,21005.13,c
21005.09,21005.71,c
21005.78,21006.42,c
21006.41,21007.23,c
21007.37,21007.75,c
21007.81,21008.39,c
21008.34,21009.06,c
21009.02,21009.76,c
21009.67,21010.45,c
21010.41,21011.13,c
21011.27,21011.79,c
21011.91,21012.63,c
21012.77,21013.49,c
21013.28,21014.1,c
21013.98,21014.76,c
21014.75,21015.41,c
21015.4,21015.98,c
21016.33,21017.07,c
21017.11,21017.65,c
21017.69,21018.47,c
21018.38,21019.08,c
21018.85,21019.67,c
21019.31,21020.13,c
21020.52,21020.88,c
21021.12,21021.64,c
21021.74,21022.38,c
21022.86,21023.36,c
21023.55,21024.13,c
21024.14,21024.78,c
21024.91,21025.59,c
21025.69,21026.17,c
21026.26,21026.96,c
21027.1,21027.76,c
21027.69,21028.41,c
21028.43,21029.01,c
21029.03,21029.75,c
21029.71,21030.47,c
21030.44,21031.0,c
21031.39,21031.93,c
21031.96,21032.48,c
21032.71,21033.33,c
21033.57,21033.85,c
21034.51,21034.95,c
21035.36,21035.94,c
21036.01,21036.63,c
21036.76,21037.44,c
21037.49,21038.19,c
21038.25,21038.91,c
21039.3,21039.82,c
21040.04,21040.42,c
21040.41,21041.23,c
21041.13,21041.95,c
21041.98,21042.74,c
21042.85,21043.65,c
21043.6,21044.2,c
21044.15,21044.97,c
21044.81,21045.63,c
21045.36,21046.02,c
21046.24,21046.78,c
21047.31,21047.85,c
21047.74,21048.54,c
21048.5,21049.2,c
21049.18,21050.0,c
21049.9,21050.7,c
21050.77,21051.45,c
21051.56,21052.14,c
21052.52,21053.22,c
21053.2,21053.82,c
21053.85,21054.67,c
21054.64,21055.46,c
21055.42,21056.1,c
21056.19,21056.79,c
21056.88,21057.66,c
21057.94,21058.5,c
21058.6,21059.18,c
21059.25,21059.77,c
21059.82,21060.48,c
21060.6,21061.2,c
21061.19,21061.79,c
21062.1,21062.7,c
21062.72,21063.42,c
21063.48,21064.06,c
21064.07,21064.87,c
21064.79,21065.55,c
21065.61,21066.29,c
21066.38,21067.0,c
21067.08,21067.66,c
21067.76,21068.36,c
21068.65,21069.03,c
21069.14,21069.64,c
21069.83,21070.15,c
21070.16,21070.92,c
21071.04,21071.6,c
21071.74,21072.44,c
21072.35,21073.05,c
21073.03,21073.73,c
21074.35,21075.03,c
21074.96,21075.74,c
21075.59,21076.41,c
21076.35,21077.13,c
21077.14,21077.68,c
21077.77,21078.49,c
21078.37,21079.15,c
21079.22,21079.96,c
21079.87,21080.49,c
21080.65,21081.21,c
21081.48,21081.92,c
21082.06,21082.7,c
21082.71,21083.47,c
21083.78,21084.4,c
21084.66,21085.18,c
21085.28,21085.9,c
21085.88,21086.64,c
21086.5,21087.26,c
21087.27,21088.07,c
21088.09,21088.77,c
21088.82,21089.36,c
21089.54,21090.24,c
21090.22,21090.98,c
21091.32,21091.8,c
21091.9,21092.6,c
21092.56,21093.14,c
21093.23,21093.95,c
21093.82,21094.52,c
21094.74,21095.28,c
21095.45,21096.15,c
21096.09,21096.75,c
21096.83,21097.57,c
21097.9,21098.54,c
21098.74,21099.16,c
21099.25,21099.87,c
21099.96,21100.66,c
21100.63,21101.35,c
21101.41,21102.17,c
21102.11,21102.73,c
21102.67,21103.35,c
21103.54,21104.12,c
21104.25,21104.91,c
21104.91,21105.53,c
21105.58,21106.24,c
21106.36,21106.96,c
21106.8,21107.38,c
21107.61,21108.43,c
21108.54,21109.0,c
21109.17,21109.69,c
21109.84,21110.46,c
21110.72,21111.22,c
21111.54,21112.14,c
21112.27,21112.83,c
21112.94,21113.56,c
21113.72,21114.2,c
21114.19,21114.87,c
21114.53,21115.35,c
21115.12,21115.9,c
21115.52,21116.32,c
21116.27,21117.05,c
21116.94,21117.74,c
21117.59,21118.35,c
21118.46,21119.26,c
21119.5,21120.2,c
21120.15,21120.91,c
21120.93,21121.55,c
21121.63,21122.33,c
21122.49,21123.15,c
21123.01,21123.77,c
21123.73,21124.55,c
21124.44,21125.2,c
21125.14,21125.96,c
21125.93,21126.55,c
21126.74,21127.52,c
21127.53,21128.15,c
21128.39,21128.87,c
21128.86,21129.64,c
21129.61,21130.33,c
21130.48,21131.06,c
21130.98,21131.8,c
21132.01,21132.61,c
21132.65,21133.43,c
21133.73,21134.39,c
21134.39,21135.13,c
21135.09,21135.75,c
21135.78,21136.56,c
21136.43,21137.15,c
21137.18,21137.84,c
21137.89,21138.55,c
21138.6,21139.3,c
21139.49,21140.15,c
21140.12,21140.78,c
21140.89,21141.49,c
21141.55,21142.29,c
21142.35,21143.13,c
21143.06,21143.62,c
21143.78,21144.6,c
21144.6,21145.3,c
21145.35,21146.07,c
21146.05,21146.81,c
21146.73,21147.51,c
21147.52,21148.3,c
21148.83,21149.13,c
21149.41,21149.95,c
21150.04,21150.62,c
21150.56,21151.26,c
21151.13,21151.95,c
21151.96,21152.56,c
21152.64,21153.36,c
21153.31,21154.09,c
21153.95,21154.75,c
21154.8,21155.5,c
21155.52,21156.34,c
21156.21,21156.97,c
21156.97,21157.67,c
21157.65,21158.33,c
21158.29,21159.09,c
21159.09,21159.73,c
21160.04,21160.56,c
21160.72,21161.4,c
21161.31,21162.01,c
21162.06,21162.48,c
21162.45,21163.27,c
21163.09,21163.81,c
21163.62,21164.3,c
21164.63,21165.09,c
21166.04,21166.62,c
21166.66,21167.34,c
21167.4,21167.98,c
21168.02,21168.78,c
21168.76,21169.28,c
21169.36,21169.94,c
21170.01,21170.73,c
21170.76,21171.26,c
21171.92,21172.44,c
21172.41,21173.21,c
21172.82,21173.64,c
21173.56,21174.28,c
21174.6,21175.02,c
21175.28,21175.62,c
21175.84,21176.24,c
21176.51,21176.87,c
21176.86,21177.68,c
21177.96,21178.76,c
21178.65,21179.23,c
21179.44,21180.06,c
21180.07,21180.71,c
21180.56,21181.38,c
21181.35,21182.13,c
21182.13,21182.87,c
21182.76,21183.58,c
21183.41,21184.23,c
21184.06,21184.88,c
21184.74,21185.56,c
21185.63,21186.41,c
21186.25,21187.05,c
21187.01,21187.73,c
21187.74,21188.34,c
21188.22,21189.0,c
21188.94,21189.72,c
21189.66,21190.42,c
21190.3,21191.12,c
21191.45,21192.19,c
21192.27,21192.91,c
21193.07,21193.83,c
21193.87,21194.57,c
21194.58,21195.38,c
21195.17,21195.97,b
21196.01,21196.65,c
21196.87,21197.49,c
21197.68,21198.08,c
21198.12,21198.86,c
21198.83,21199.51,c
21199.78,21200.16,c
21200.44,21200.78,c
21200.67,21201.41,c
21201.32,21202.14,c
21201.74,21202.56,c
21202.34,21202.8,c
21202.98,21203.38,c
21203.57,21204.21,c
21204.31,21204.99,c
21205.74,21206.08,c
21206.17,21206.95,c
21206.91,21207.55,c
21207.7,21208.14,c
21208.53,21209.11,c
21209.35,21209.85,c
21209.76,21210.56,c
21210.74,21211.08,c
21211.08,21211.76,c
21211.66,21212.48,c
21213.34,21213.68,c
21214.04,21214.34,c
21214.58,21215.1,c
21215.28,21215.64,c
21216.14,21216.56,c
21216.88,21217.24,c
21217.57,21218.19,c
21218.2,21218.88,c
21219.26,21219.58,c
21219.85,21220.19,c
21220.5,21220.9,c
21221.12,21221.5,c
21221.76,21222.12,c
21222.35,21222.81,c
21222.94,21223.34,c
21223.62,21224.0,c
21224.23,21224.59,c
21224.91,21225.17,c
21225.36,21225.92,c
21225.92,21226.74,c
21226.69,21227.51,c
21227.27,21228.09,c
21227.68,21228.5,c
21231.54,21232.1,c
21232.26,21232.5,c
21232.86,21233.68,c
21233.45,21234.27,c
21234.21,21234.95,c
21235.02,21235.76,c
21235.61,21236.27,c
21236.66,21237.46,c
21237.52,21238.12,c
21238.37,21238.95,c
21239.06,21239.42,c
21239.45,21240.27,c
21240.17,21240.99,c
21240.98,21241.64,c
21241.96,21242.68,c
21242.79,21243.45,c
21243.39,21244.09,c
21243.98,21244.68,c
21244.64,21245.22,c
21245.39,21246.21,c
21246.15,21246.81,c
21247.19,21247.95,c
21247.78,21248.6,c
21248.61,21249.23,c
21249.2,21249.9,c
21249.85,21250.57,c
21250.68,21251.48,c
21251.29,21251.97,c
21252.51,21252.83,c
21252.92,21253.62,c
21253.73,21254.37,c
21254.68,21255.08,c
21255.11,21255.85,c
21255.83,21256.51,c
21256.58,21257.22,c
21257.3,21257.94,c
21258.15,21258.63,c
21258.9,21259.24,c
21259.34,21260.1,c
21259.95,21260.73,c
21260.56,21261.28,c
21261.64,21262.16,c
21262.18,21262.98,c
21262.88,21263.6,c
21263.82,21264.22,c
21264.44,21264.8,c
21265.08,21265.42,c
21265.55,21266.23,c
21266.41,21266.75,c
21266.86,21267.48,c
21267.8,21268.52,c
21268.68,21269.3,c
21269.26,21269.7,c
21269.69,21270.51,c
21270.3,21270.86,c
21271.31,21271.83,c
21272.08,21272.64,c
21272.86,21273.24,c
21273.32,21274.14,c
21274.12,21274.82,c
21274.86,21275.52,c
21275.5,21276.16,c
21276.34,21276.98,c
21276.94,21277.68,c
21277.72,21278.2,c
21278.2,21278.86,c
21278.75,21279.57,c
21279.63,21280.27,c
21280.22,21281.04,c
21281.18,21281.74,c
21281.67,21282.49,c
21282.27,21282.87,c
21283.08,21283.88,c
21283.88,21284.68,c
21284.47,21285.25,c
21285.57,21286.37,c
21286.29,21287.01,c
21287.05,21287.77,c
21287.7,21288.52,c
21288.33,21289.15,c
21289.1,21289.88,c
21290.07,21290.89,c
21290.48,21291.3,c
21290.95,21291.77,c
21291.68,21292.5,c
21299.32,21300.06,c
21300.39,21301.21,c
21301.24,21302.0,c
21301.78,21302.6,c
21302.51,21303.15,c
21303.23,21304.05,c
21303.74,21304.36,c
21304.22,21305.04,c
21305.17,21305.97,c
21305.84,21306.6,c
21306.48,21307.3,c
21307.07,21307.89,c
21308.07,21308.65,c
21308.7,21309.24,c
21309.3,21309.96,c
21310.0,21310.72,c
21310.77,21311.49,c
21311.55,21312.25,c
21312.34,21313.14,c
21313.16,21313.8,c
21313.93,21314.45,c
21314.53,21315.19,c
21315.15,21315.83,c
21316.27,21316.65,c
21316.97,21317.69,c
21317.9,21318.72,c
21318.39,21319.21,c
21318.8,21319.62,c
21319.34,21320.16,c
21320.01,21320.83,c
21320.56,21321.38,c
21321.54,21321.9,c
21321.73,21322.55,c
21322.25,21322.91,c
21323.39,21323.93,c
21324.0,21324.7,c
21324.81,21325.37,c
21325.55,21326.23,c
21326.34,21326.96,c
21327.11,21327.73,c
21327.79,21328.43,c
21328.53,21329.15,c
21329.22,21329.84,c
21330.12,21330.56,c
21330.8,21331.4,c
21331.68,21332.26,c
21332.49,21333.09,c
21333.34,21333.82,c
21334.08,21334.62,c
21334.81,21335.47,c
21335.72,21336.4,c
21336.43,21337.09,c
21337.27,21337.81,c
21337.9,21338.66,c
21338.69,21339.41,c
21339.51,21340.17,c
21340.24,21341.0,c
21340.88,21341.66,c
21341.73,21342.51,c
21342.48,21343.28,c
21343.28,21343.94,c
21343.91,21344.73,c
21344.77,21345.53,c
21345.55,21346.27,c
21346.32,21347.06,c
21347.57,21348.07,c
21348.39,21349.03,c
21349.11,21349.77,c
21349.94,21350.46,c
21350.63,21351.37,c
21351.41,21351.95,c
21352.0,21352.6,c
21352.7,21353.4,c
21353.46,21354.14,c
21354.23,21354.83,c
21355.4,21355.72,c
21356.04,21356.38,c
21356.6,21357.16,c
21357.37,21357.87,c
21358.26,21358.8,c
21358.76,21359.44,c
21359.41,21360.17,c
21360.19,21360.95,c
21361.41,21361.75,c
21362.12,21362.74,c
21362.82,21363.36,c
21363.49,21364.13,c
21364.29,21364.87,c
21365.1,21365.76,c
21365.96,21366.44,c
21366.47,21367.09,c
21367.19,21367.95,c
21368.08,21368.66,c
21368.87,21369.19,c
21369.25,21369.97,c
21370.03,21370.69,c
21370.62,21371.4,c
21371.51,21372.23,c
21372.11,21372.71,c
21372.72,21373.36,c
21373.49,21374.11,c
21374.21,21374.89,c
21374.94,21375.68,c
21375.72,21375.98,c
21376.16,21376.76,c
21377.03,21377.55,c
21377.5,21378.3,c
21378.05,21378.83,c
21379.23,21379.85,c
21379.94,21380.52,c
21380.55,21381.27,c
21381.63,21382.13,c
21382.33,21383.05,c
21383.18,21383.78,c
21383.95,21384.61,c
21384.44,21385.2,c
21385.52,21386.06,c
21386.13,21386.87,c
21386.88,21387.6,c
21387.61,21388.17,c
21388.43,21389.11,c
21389.36,21389.96,c
21389.86,21390.5,c
21390.57,21391.35,c
21391.23,21392.05,c
21391.86,21392.68,c
21392.27,21393.09,c
21392.71,21393.51,c
21393.27,21394.09,c
21402.7,21403.38,c
21403.67,21404.49,c
21404.46,21405.26,c
21405.29,21406.05,c
21406.08,21406.82,c
21406.71,21407.53,c
21407.22,21407.9,c
21408.0,21408.82,c
21408.68,21409.5,c
21409.24,21410.06,c
21409.76,21410.52,c
21410.32,21411.1,c
21410.76,21411.58,c
21411.21,21411.95,c
21412.05,21412.63,c
21412.41,21413.09,c
21412.82,21413.56,c
21413.58,21414.2,c
21414.56,21415.18,c
21415.45,21415.87,c
21416.19,21416.67,c
21416.97,21417.63,c
21417.58,21418.22,c
21418.26,21419.06,c
21418.98,21419.78,c
21419.46,21420.22,c
21420.24,21421.0,c
21421.1,21421.8,c
21421.83,21422.47,c
21422.39,21422.93,c
21423.58,21424.14,c
21424.11,21424.85,c
21424.89,21425.49,c
21426.03,21426.55,c
21426.68,21427.32,c
21427.27,21428.07,c
21428.02,21428.82,c
21428.85,21429.29,c
21429.31,21429.97,c
21430.03,21430.71,c
21430.76,21431.4,c
21431.36,21431.92,c
21432.05,21432.85,c
21432.86,21433.6,c
21433.49,21434.19,c
21434.14,21434.86,c
21435.1,21435.7,c
21435.81,21436.57,c
21436.99,21437.35,c
21437.62,21438.22,c
21438.21,21438.83,c
21438.61,21439.43,c
21439.7,21440.38,c
21440.4,21441.22,c
21441.13,21441.89,c
21441.91,21442.59,c
21442.85,21443.17,c
21443.31,21443.93,c
21444.2,21444.52,c
21444.86,21445.24,c
21445.42,21445.94,c
21446.0,21446.62,c
21446.38,21447.16,c
21447.52,21447.94,c
21448.25,21448.91,c
21448.75,21449.55,c
21449.42,21450.2,c
21450.14,21450.82,c
21451.59,21452.05,c
21452.09,21452.59,c
21452.62,21453.12,c
21453.26,21453.68,c
21453.97,21454.61,c
21454.64,21455.38,c
21455.36,21456.12,c
21456.01,21456.83,c
21456.66,21457.38,c
21457.3,21458.12,c
21457.93,21458.75,c
21458.36,21459.18,c
21459.39,21459.99,c
21460.02,21460.58,c
21460.97,21461.67,c
21461.52,21462.22,c
21462.17,21462.83,c
21462.64,21463.46,c
21463.06,21463.88,c
21463.73,21464.55,c
21464.37,21465.19,c
21466.86,21467.46,c
21467.48,21468.18,c
21468.23,21468.87,c
21468.9,21469.58,c
21469.63,21470.27,c
21470.23,21470.95,c
21471.03,21471.51,c
21471.56,21472.34,c
21472.23,21472.95,c
21472.94,21473.58,c
21473.68,21474.32,c
21474.31,21475.07,c
21474.9,21475.68,c
21475.71,21476.37,c
21476.54,21477.12,c
21477.29,21477.71,c
21477.99,21478.71,c
21478.75,21479.35,c
21479.41,21480.13,c
21480.18,21480.72,c
21481.37,21481.67,c
21481.85,21482.53,c
21482.65,21483.25,c
21483.31,21483.73,c
21484.19,21484.79,c
21484.85,21485.67,c
21485.87,21486.19,c
21486.47,21487.03,c
21487.3,21488.12,c
21488.06,21488.66,c
21488.7,21489.38,c
21489.3,21490.12,c
21490.08,21490.9,c
21490.8,21491.62,c
21491.45,21492.27,c
21495.81,21496.45,c
21496.56,21497.0,c
21497.03,21497.75,c
21497.87,21498.67,c
21498.55,21499.23,c
21499.23,21500.01,c
21499.97,21500.73,c
21500.66,21501.42,c
21501.47,21502.17,c
21502.17,21502.75,c
21503.03,21503.79,c
21503.71,21504.53,c
21504.27,21505.09,c
21504.97,21505.59,c
21505.48,21506.14,c
21506.27,21507.05,c
21507.12,21507.88,c
21507.95,21508.59,c
21508.66,21509.36,c
21509.31,21510.09,c
21510.11,21510.81,c
21511.24,21511.7,c
21511.69,21512.51,c
21512.8,21513.46,c
21513.64,21514.22,c
21514.27,21515.09,c
21515.1,21515.74,c
21515.97,21516.55,c
21516.84,21517.22,c
21517.37,21518.05,c
21518.04,21518.64,c
21518.71,21519.35,c
21519.45,21520.19,c
21520.26,21520.86,c
21520.93,21521.59,c
21521.69,21522.33,c
21522.18,21522.82,c
21523.02,21523.42,c
21523.37,21523.89,c
21523.9,21524.5,c
21524.69,21525.05,c
21525.23,21525.79,c
21525.83,21526.51,c
21526.56,21527.26,c
21527.33,21528.09,c
21528.82,21529.24,c
21529.39,21529.95,c
21530.16,21530.72,c
21530.89,21531.47,c
21531.43,21532.15,c
21532.16,21532.7,c
21533.15,21533.37,c
21533.45,21534.19,c
21534.22,21534.9,c
21534.99,21535.59,c
21535.81,21536.39,c
21536.49,21537.01,c
21537.29,21537.75,c
21538.09,21538.65,c
21538.84,21539.48,c
21539.75,21540.09,c
21540.27,21540.83,c
21541.03,21541.61,c
21541.79,21542.39,c
21542.5,21543.18,c
21543.24,21543.94,c
21544.05,21544.65,c
21544.81,21545.37,c
21545.67,21546.21,c
21546.3,21547.04,c
21547.26,21547.64,c
21548.54,21548.88,c
21549.02,21549.62,c
21549.77,21550.41,c
21550.63,21551.21,c
21551.33,21551.97,c
21552.03,21552.79,c
21552.78,21553.52,c
21553.75,21554.07,c
21554.38,21554.68,c
21554.93,21555.27,c
21555.57,21555.89,c
21556.33,21556.61,c
21556.98,21557.34,c
21557.59,21557.95,c
21558.21,21558.55,c
21558.62,21559.18,c
21559.35,21559.79,c
21560.1,21560.36,c
21560.74,21561.06,c
21561.29,21562.05,c
21561.95,21562.65,c
21563.23,21563.87,c
21563.93,21564.49,c
21564.71,21565.31,c
21565.36,21565.92,c
21566.07,21566.67,c
21567.2,21567.54,c
21567.74,21568.12,c
21568.4,21568.74,c
21568.79,21569.55,c
21569.57,21570.21,c
21570.26,21570.94,c
21571.01,21571.63,c
21571.72,21572.4,c
21572.49,21573.07,c
21573.15,21573.89,c
21573.95,21574.37,c
21574.49,21575.15,c
21575.11,21575.71,c
21575.52,21576.12,c
21576.19,21576.55,c
21576.8,21577.36,c
21577.42,21578.16,c
21578.21,21578.83,c
21578.99,21579.47,c
21579.56,21579.98,c
21580.19,21580.65,c
21580.85,21581.27,c
21581.52,21582.08,c
21582.12,21582.74,c
21582.87,21583.43,c
21583.66,21584.04,c
21584.65,21585.11,c
21585.35,21585.71,c
21587.12,21587.46,c
21587.82,21588.14,c
21588.36,21588.94,c
21589.0,21589.58,c
21589.65,21589.99,c
21590.17,21590.89,c
21590.9,21591.48,c
21591.48,21592.2,c
21592.18,21592.86,c
21592.9,21593.34,c
21593.38,21594.2,c
21594.25,21594.61,c
21595.46,21595.82,c
21596.14,21596.6,c
21596.55,21597.35,c
21597.61,21598.11,c
21598.05,21598.49,c
21598.64,21599.44,c
21599.32,21600.1,c
21600.01,21600.81,c
21600.81,21601.39,c
21601.56,21602.16,c
21602.08,21602.86,c
21602.98,21603.64,c
21603.63,21604.19,c
21604.11,21604.89,c
21605.57,21606.11,c
21606.29,21606.73,c
21606.96,21607.32,c
21607.43,21608.03,c
21608.22,21608.62,c
21609.45,21609.81,c
21610.06,21610.74,c
21610.68,21611.46,c
21611.21,21611.81,c
21612.15,21612.81,c
21612.73,21613.41,c
21613.58,21614.4,c
21614.32,21615.1,c
21614.96,21615.78,c
21615.68,21616.34,c
21616.33,21617.07,c
21616.99,21617.81,c
21617.54,21618.18,c
21618.72,21619.44,c
21619.29,21620.05,c
21619.88,21620.52,c
21620.69,21621.51,c
21621.43,21622.23,c
21622.18,21622.88,c
21622.85,21623.65,c
21623.55,21624.37,c
21623.96,21624.78,c
21624.58,21625.28,c
21625.04,21625.64,c
21625.71,21626.29,c
21626.33,21627.01,c
21627.02,21627.84,c
21627.78,21628.6,c
21628.65,21629.21,c
21629.52,21630.28,c
21630.23,21631.03,c
21630.95,21631.75,c
21631.69,21632.51,c
21632.41,21633.09,c
21633.21,21634.01,c
21633.97,21634.69,c
21634.78,21635.36,c
21635.52,21636.12,c
21636.16,21636.98,c
21636.98,21637.68,c
21637.96,21638.7,c
21638.66,21639.4,c
21639.38,21640.16,c
21640.19,21640.79,c
21640.86,21641.58,c
21641.6,21642.4,c
21642.55,21642.93,c
21643.22,21643.62,c
21643.87,21644.31,c
21644.52,21645.0,c
21645.14,21645.64,c
21645.64,21646.44,c
21646.07,21646.89,c
21646.89,21647.71,c
21647.58,21648.36,c
21648.03,21648.85,c
21648.76,21649.54,c
21650.2,21650.88,c
21650.81,21651.63,c
21651.6,21652.42,c
21652.24,21653.06,c
21652.92,21653.74,c
21653.7,21654.52,c
21654.54,21655.36,c
21655.19,21656.01,c
21655.78,21656.6,c
21656.43,21657.25,c
21657.07,21657.89,c
21657.77,21658.59,c
21658.21,21659.03,c
21658.66,21659.48,c
21659.14,21659.96,c
21659.84,21660.66,c
21676.18,21676.76,c
21676.73,21677.45,c
21677.13,21677.95,c
21678.09,21678.67,c
21679.3,21679.72,c
21679.94,21680.38,c
21680.62,21681.24,c
21682.02,21682.72,c
21682.48,21683.3,c
21683.46,21684.28,c
21684.25,21684.97,c
21685.18,21686.0,c
21685.94,21686.62,c
21686.64,21687.22,c
21687.26,21687.8,c
21687.91,21688.73,c
21688.43,21689.21,c
21689.31,21690.13,c
21690.21,21690.65,c
21690.74,21691.18,c
21691.42,21691.8,c
21692.02,21692.52,c
21692.54,21693.16,c
21693.29,21693.69,c
21693.74,21694.38,c
21694.45,21695.25,c
21695.04,21695.72,c
21695.89,21696.59,c
21696.76,21697.52,c
21697.56,21698.34,c
21698.15,21698.97,c
21698.94,21699.48,c
21700.0,21700.56,c
21700.46,21701.26,c
21701.28,21701.94,c
21702.01,21702.27,c
21702.21,21702.89,c
21703.04,21703.44,c
21703.61,21704.13,c
21704.08,21704.84,c
21704.83,21705.45,c
21705.42,21706.24,c
21706.15,21706.97,c
21706.99,21707.57,c
21707.72,21708.24,c
21708.25,21708.79,c
21708.84,21709.42,c
21709.49,21710.05,c
21710.12,21710.54,c
21710.8,21711.18,c
21712.04,21712.42,c
21712.62,21713.04,c
21713.42,21713.74,c
21714.02,21714.44,c
21714.4,21714.88,c
21715.14,21715.58,c
21715.56,21716.24,c
21716.26,21716.86,c
21717.74,21718.24,c
21718.15,21718.65,c
21718.68,21719.42,c
21719.27,21720.03,c
21719.88,21720.7,c
21720.65,21721.47,c
21721.33,21722.15,c
21722.24,21722.96,c
21723.07,21723.79,c
21723.82,21724.56,c
21724.51,21725.27,c
21725.19,21725.99,c
21725.91,21726.67,c
21726.66,21727.32,c
21727.41,21728.03,c
21727.97,21728.79,c
21728.66,21729.46,c
21729.44,21730.18,c
21729.99,21730.81,c
21730.92,21731.64,c
21731.6,21732.42,c
21732.41,21733.13,c
21733.11,21733.87,c
21733.86,21734.44,c
21734.51,21735.13,c
21735.0,21735.8,c
21735.9,21736.48,c
21736.5,21737.32,c
21737.33,21737.99,c
21738.05,21738.87,c
21738.92,21739.54,c
21739.62,21740.42,c
21740.53,21740.83,c
21740.73,21741.45,c
21741.37,21742.11,c
21742.32,21742.68,c
21742.75,21743.57,c
21743.66,21744.24,c
21744.27,21744.97,c
21745.09,21745.63,c
21745.75,21746.29,c
21746.4,21746.88,c
21746.97,21747.71,c
21747.63,21748.33,c
21748.34,21749.06,c
21749.22,21749.88,c
21749.81,21750.55,c
21750.51,21751.33,c
21751.27,21752.05,c
21752.02,21752.76,c
21753.03,21753.79,c
21753.9,21754.7,c
21754.49,21755.29,c
21755.35,21755.95,c
21756.99,21757.53,c
21757.73,21758.13,c
21758.23,21758.95,c
21758.92,21759.5,c
21759.69,21760.43,c
21760.44,21761.12,c
21761.37,21762.01,c
21762.08,21762.7,c
21762.83,21763.21,c
21763.32,21763.98,c
21764.05,21764.75,c
21764.89,21765.43,c
21765.48,21766.14,c
21766.14,21766.82,c
21766.98,21767.76,c
21767.87,21768.39,c
21768.44,21769.26,c
21769.39,21770.05,c
21770.1,21770.88,c
21770.71,21771.47,c
21771.42,21772.22,c
21772.01,21772.75,c
21772.6,21773.42,c
21773.45,21774.11,c
21774.27,21775.01,c
21774.98,21775.5,c
21775.43,21776.25,c
21776.32,21776.94,c
21777.1,21777.66,c
21777.85,21778.39,c
21778.48,21779.08,c
21779.15,21779.89,c
21779.93,21780.59,c
21781.02,21781.66,c
21781.81,21782.35,c
21782.37,21783.07,c
21783.04,21783.84,c
21783.91,21784.57,c
21784.8,21785.38,c
21785.48,21786.08,c
21786.08,21786.84,c
21786.87,21787.57,c
21787.39,21788.01,c
21787.83,21788.49,c
21788.44,21789.18,c
21789.16,21789.98,c
21789.82,21790.64,c
21790.71,21791.51,c
21791.24,21792.06,c
21792.16,21792.74,c
21792.73,21793.47,c
21793.93,21794.51,c
21794.4,21795.22,c
21795.16,21795.8,c
21796.05,21796.55,c
21796.49,21797.23,c
21797.25,21798.03,c
21798.04,21798.76,c
21798.81,21799.43,c
21799.59,21800.21,c
21800.25,21800.91,c
21800.94,21801.7,c
21801.62,21802.44,c
21802.41,21803.19,c
21803.11,21803.89,c
21803.77,21804.57,c
21804.54,21805.22,c
21805.59,21806.13,c
21806.03,21806.71,c
21807.02,21807.58,c
21807.61,21808.31,c
21808.25,21809.07,c
21808.92,21809.74,c
21809.98,21810.76,c
21810.63,21811.45,c
21811.4,21812.16,c
21812.04,21812.68,c
21812.53,21813.29,c
21813.23,21814.05,c
21813.9,21814.7,c
21814.66,21815.26,c
21815.31,21816.05,c
21815.96,21816.68,c
21816.73,21817.51,c
21817.53,21818.15,c
21818.2,21818.96,c
21819.02,21819.72,c
21819.68,21820.5,c
21820.47,21821.23,c
21821.2,21821.94,c
21821.94,21822.76,c
21822.73,21823.49,c
21823.46,21824.26,c
21824.14,21824.96,c
21824.66,21825.48,c
21825.38,21826.2,c
21826.06,21826.88,c
21826.86,21827.64,c
21827.71,21828.17,c
21828.26,21828.74,c
21829.1,21829.74,c
21830.02,21830.62,c
21830.88,21831.32,c
21831.52,21831.96,c
21832.21,21832.57,c
21832.7,21833.52,c
21834.22,21834.8,c
21834.93,21835.47,c
21835.6,21836.34,c
21836.28,21837.02,c
21836.97,21837.71,c
21837.76,21838.46,c
